2025-04-14 18:26:15,490 INFO: Building finetuning dataset.
2025-04-14 18:26:15,490 INFO: Building finetuning dataset. Starting at 2025-04-14 18:26:15.490508
2025-04-14 18:27:29,569 INFO: Building finetuning dataset.
2025-04-14 18:27:29,569 INFO: Building finetuning dataset. Starting at 2025-04-14 18:27:29.569401
2025-04-22 11:08:14,962 INFO: Building finetuning dataset.
2025-04-22 11:08:14,963 INFO: Building finetuning dataset. Starting at 2025-04-22 11:08:14.963415
2025-04-22 11:08:16,465 INFO: Finished building finetuning dataset. Ending at 2025-04-22 11:08:16.465928
2025-04-22 11:08:16,466 INFO: Finished building finetuning dataset.
2025-04-23 18:27:25,069 INFO     [learning_to_plan.config:59] File logging initialized. Log file: /home/macsilva/learning_to_plan/data/logs.log
2025-04-23 18:27:25,069 INFO     [learning_to_plan.config:59] --- Starting Dataset Splitting ---
2025-04-23 18:27:25,070 ERROR    [learning_to_plan.config:59] Please specify a domain with --domain <domain_name> or 'all'.
2025-04-23 18:28:06,590 INFO     [learning_to_plan.config:59] File logging initialized. Log file: /home/macsilva/learning_to_plan/data/logs.log
2025-04-23 18:28:06,590 INFO     [learning_to_plan.config:59] --- Starting Dataset Splitting ---
2025-04-23 18:28:06,590 WARNING  [learning_to_plan.config:59] Specified domain '' not found in /home/macsilva/learning_to_plan/data/processed. Skipping.
2025-04-23 18:28:06,590 ERROR    [learning_to_plan.config:59] None of the specified domains () were found in /home/macsilva/learning_to_plan/data/processed.
2025-04-23 18:35:49,546 INFO     [learning_to_plan.config:59] File logging initialized. Log file: /home/macsilva/learning_to_plan/data/logs.log
2025-04-23 18:35:49,546 INFO     [learning_to_plan.config:59] --- Starting Dataset Splitting ---
2025-04-23 18:35:49,546 INFO     [learning_to_plan.config:59] Processing all found domains: blocksworld
2025-04-23 18:35:49,546 INFO     [learning_to_plan.config:59] Splitting dataset for domain: blocksworld
2025-04-23 18:35:49,546 INFO     [learning_to_plan.config:59] Starting to build finetuning dataset at 2025-04-23 18:35:49.546380.
2025-04-23 18:35:49,546 ERROR    [learning_to_plan.config:59] Data file not found: /home/macsilva/learning_to_plan/data/processed/blocksworld/data.json
2025-04-23 18:35:49,546 ERROR    [learning_to_plan.config:59] Error splitting dataset for domain blocksworld: Data file not found: /home/macsilva/learning_to_plan/data/processed/blocksworld/data.json
2025-04-23 18:35:49,546 INFO     [learning_to_plan.config:59] --- Finished All Dataset Splitting ---
2025-04-23 18:35:49,546 INFO     [learning_to_plan.config:59] --- Main script execution finished ---
2025-04-23 18:37:08,837 INFO     [learning_to_plan.config:59] File logging initialized. Log file: /home/macsilva/learning_to_plan/data/logs.log
2025-04-23 18:37:08,837 INFO     [learning_to_plan.config:59] --- Starting Dataset Splitting ---
2025-04-23 18:37:08,837 INFO     [learning_to_plan.config:59] Processing all found domains: blocksworld
2025-04-23 18:37:08,837 INFO     [learning_to_plan.config:59] Splitting dataset for domain: blocksworld
2025-04-23 18:37:08,837 INFO     [learning_to_plan.config:59] Starting to build finetuning dataset at 2025-04-23 18:37:08.837800.
2025-04-23 18:37:08,898 INFO     [learning_to_plan.config:59] Finished building finetuning dataset. Ending at 2025-04-23 18:37:08.898796
2025-04-23 18:37:08,900 INFO     [learning_to_plan.config:59] Finished splitting dataset for domain: blocksworld
2025-04-23 18:37:08,900 INFO     [learning_to_plan.config:59] --- Finished All Dataset Splitting ---
2025-04-23 18:37:08,900 INFO     [learning_to_plan.config:59] --- Main script execution finished ---
2025-04-25 13:42:16,247 INFO     [learning_to_plan.config:58] File logging initialized. Log file: data/logs.log
2025-04-25 13:42:16,248 INFO     [learning_to_plan.config:58] --- Starting Dataset Splitting ---
2025-04-25 13:42:16,248 INFO     [learning_to_plan.config:58] Processing all found domains: blocksworld
2025-04-25 13:42:16,248 INFO     [learning_to_plan.config:58] Splitting dataset for domain: blocksworld
2025-04-25 13:42:16,249 INFO     [learning_to_plan.config:58] Starting to build finetuning dataset at 2025-04-25 13:42:16.249005.
2025-04-25 13:42:17,153 INFO     [learning_to_plan.config:58] Finished building finetuning dataset. Ending at 2025-04-25 13:42:17.153325
2025-04-25 13:42:17,154 INFO     [learning_to_plan.config:58] Finished splitting dataset for domain: blocksworld
2025-04-25 13:42:17,154 INFO     [learning_to_plan.config:58] --- Finished All Dataset Splitting ---
2025-04-25 13:42:17,154 INFO     [learning_to_plan.config:58] --- Main script execution finished ---
2025-05-01 10:26:36,822 INFO     [learning_to_plan.config:72] File logging initialized. Log file: data/logs.log
2025-05-01 10:26:36,822 INFO     [learning_to_plan.config:72] --- Starting Planning as a Service (PaaS) Calls ---
2025-05-01 10:26:36,823 INFO     [learning_to_plan.config:72] Processing all found domains: childsnack, barman, obfuscated_deceptive_logistics, satellite, hanoi, mystery_blocksworld, blocksworld, grippers, depots, driverlog, logistics, storage
2025-05-01 10:26:36,823 INFO     [learning_to_plan.config:72] Processing PaaS for domain: childsnack
2025-05-01 10:33:41,679 INFO     [learning_to_plan.config:72] File logging initialized. Log file: data/logs.log
2025-05-01 10:33:41,679 INFO     [learning_to_plan.config:72] --- Starting Planning as a Service (PaaS) Calls ---
2025-05-01 10:33:41,679 INFO     [learning_to_plan.config:72] Processing selected domains: blocksworld
2025-05-01 10:33:41,679 INFO     [learning_to_plan.config:72] Processing PaaS for domain: blocksworld
2025-05-01 10:33:41,786 INFO     [learning_to_plan.config:72] Outputting PaaS results to: None
2025-05-01 10:33:41,787 INFO     [learning_to_plan.config:72] Starting call to planning as a service at 2025-05-01 10:33:41.787357.
2025-05-01 10:36:32,209 INFO     [learning_to_plan.config:72] File logging initialized. Log file: data/logs.log
2025-05-01 10:36:32,209 INFO     [learning_to_plan.config:72] --- Starting Planning as a Service (PaaS) Calls ---
2025-05-01 10:36:32,210 INFO     [learning_to_plan.config:72] Processing selected domains: blocksworld
2025-05-01 10:36:32,210 INFO     [learning_to_plan.config:72] Processing PaaS for domain: blocksworld
2025-05-01 10:36:32,300 INFO     [learning_to_plan.config:72] Outputting PaaS results to: None
2025-05-01 10:36:32,300 INFO     [learning_to_plan.config:72] Starting call to planning as a service at 2025-05-01 10:36:32.300468.
2025-05-01 10:39:37,201 INFO     [learning_to_plan.config:72] File logging initialized. Log file: data/logs.log
2025-05-01 10:39:37,201 INFO     [learning_to_plan.config:72] --- Starting Planning as a Service (PaaS) Calls ---
2025-05-01 10:39:37,202 INFO     [learning_to_plan.config:72] Processing selected domains: blocksworld
2025-05-01 10:39:37,202 INFO     [learning_to_plan.config:72] Processing PaaS for domain: blocksworld
2025-05-01 10:39:37,278 INFO     [learning_to_plan.config:72] Outputting PaaS results to: None
2025-05-01 10:39:37,279 INFO     [learning_to_plan.config:72] Starting call to planning as a service at 2025-05-01 10:39:37.279268.
2025-05-01 10:40:25,679 INFO     [learning_to_plan.config:72] File logging initialized. Log file: data/logs.log
2025-05-01 10:40:25,679 INFO     [learning_to_plan.config:72] --- Starting Planning as a Service (PaaS) Calls ---
2025-05-01 10:40:25,679 INFO     [learning_to_plan.config:72] Processing selected domains: blocksworld
2025-05-01 10:40:25,679 INFO     [learning_to_plan.config:72] Processing PaaS for domain: blocksworld
2025-05-01 10:40:25,759 INFO     [learning_to_plan.config:72] Outputting PaaS results to: None
2025-05-01 10:40:25,759 INFO     [learning_to_plan.config:72] Starting call to planning as a service at 2025-05-01 10:40:25.759776.
2025-05-01 10:49:59,921 INFO     [learning_to_plan.config:72] File logging initialized. Log file: data/logs.log
2025-05-01 10:49:59,921 INFO     [learning_to_plan.config:72] --- Starting Planning as a Service (PaaS) Calls ---
2025-05-01 10:49:59,921 INFO     [learning_to_plan.config:72] Processing selected domains: blocksworld
2025-05-01 10:49:59,922 INFO     [learning_to_plan.config:72] Processing PaaS for domain: blocksworld
2025-05-01 10:49:59,998 INFO     [learning_to_plan.config:72] Outputting PaaS results to: data/data.jsonl
2025-05-01 10:49:59,998 INFO     [learning_to_plan.config:72] Starting call to planning as a service at 2025-05-01 10:49:59.998581.
2025-05-01 10:49:59,998 INFO     [learning_to_plan.config:72] Loading existing dataset at data/data.jsonl. Skipping recalculation for already processed tasks.
2025-05-01 10:50:00,087 INFO     [learning_to_plan.config:72] Must process 1 tasks.
2025-05-01 10:50:06,264 WARNING  [learning_to_plan.config:72] Instance instance-3468.pddl -- Attempt 1 -- Error during planning request: 'result'
2025-05-01 10:50:06,264 INFO     [learning_to_plan.config:72] Instance instance-3468.pddl -- Attempt 1 -- Retrying...
2025-05-01 10:50:14,409 WARNING  [learning_to_plan.config:72] Instance instance-3468.pddl -- Attempt 2 -- Error during planning request: 'result'
2025-05-01 10:50:14,409 INFO     [learning_to_plan.config:72] Instance instance-3468.pddl -- Attempt 2 -- Retrying...
2025-05-01 10:50:22,677 WARNING  [learning_to_plan.config:72] Instance instance-3468.pddl -- Attempt 3 -- Error during planning request: 'result'
2025-05-01 10:50:22,677 INFO     [learning_to_plan.config:72] Instance instance-3468.pddl -- Attempt 3 -- Retrying...
2025-05-01 10:50:24,680 WARNING  [learning_to_plan.config:72] Instance instance-3468.pddl -- Attempt 3 -- Exceeded max retries.
2025-05-01 10:50:24,845 INFO     [learning_to_plan.config:72] Finished writing to data/data.jsonl.
2025-05-01 10:50:24,845 INFO     [learning_to_plan.config:72] Finished call to planning as a service at 2025-05-01 10:50:24.845811.
2025-05-01 10:50:24,848 INFO     [learning_to_plan.config:72] Finished PaaS calls for domain: blocksworld
2025-05-01 10:50:24,849 INFO     [learning_to_plan.config:72] --- Finished All PaaS Calls ---
2025-05-01 10:50:24,849 INFO     [learning_to_plan.config:72] --- Main script execution finished ---
2025-05-01 10:50:36,587 INFO     [learning_to_plan.config:72] File logging initialized. Log file: data/logs.log
2025-05-01 10:50:36,587 INFO     [learning_to_plan.config:72] --- Starting Planning as a Service (PaaS) Calls ---
2025-05-01 10:50:36,587 INFO     [learning_to_plan.config:72] Processing selected domains: blocksworld
2025-05-01 10:50:36,587 INFO     [learning_to_plan.config:72] Processing PaaS for domain: blocksworld
2025-05-01 10:50:36,664 INFO     [learning_to_plan.config:72] Outputting PaaS results to: data/data.jsonl
2025-05-01 10:50:36,664 INFO     [learning_to_plan.config:72] Starting call to planning as a service at 2025-05-01 10:50:36.664851.
2025-05-01 10:50:36,665 INFO     [learning_to_plan.config:72] Loading existing dataset at data/data.jsonl. Skipping recalculation for already processed tasks.
2025-05-01 10:50:36,751 INFO     [learning_to_plan.config:72] Must process 1 tasks.
2025-05-01 10:50:42,892 WARNING  [learning_to_plan.config:72] Instance instance-3468.pddl -- Attempt 1 -- Error during planning request: 'result'
2025-05-01 10:50:42,893 INFO     [learning_to_plan.config:72] Instance instance-3468.pddl -- Attempt 1 -- Retrying...
2025-05-01 10:50:51,025 WARNING  [learning_to_plan.config:72] Instance instance-3468.pddl -- Attempt 2 -- Error during planning request: 'result'
2025-05-01 10:50:51,025 INFO     [learning_to_plan.config:72] Instance instance-3468.pddl -- Attempt 2 -- Retrying...
2025-05-01 10:51:01,149 INFO     [learning_to_plan.config:72] Instance instance-3468.pddl -- Attempt 3 -- Success!
2025-05-01 10:51:01,348 INFO     [learning_to_plan.config:72] Finished writing to data/data.jsonl.
2025-05-01 10:51:01,349 INFO     [learning_to_plan.config:72] Finished call to planning as a service at 2025-05-01 10:51:01.349073.
2025-05-01 10:51:01,353 INFO     [learning_to_plan.config:72] Finished PaaS calls for domain: blocksworld
2025-05-01 10:51:01,353 INFO     [learning_to_plan.config:72] --- Finished All PaaS Calls ---
2025-05-01 10:51:01,353 INFO     [learning_to_plan.config:72] --- Main script execution finished ---
2025-05-01 10:51:09,062 INFO     [learning_to_plan.config:72] File logging initialized. Log file: data/logs.log
2025-05-01 10:51:09,062 INFO     [learning_to_plan.config:72] --- Starting Planning as a Service (PaaS) Calls ---
2025-05-01 10:51:09,063 INFO     [learning_to_plan.config:72] Processing selected domains: blocksworld
2025-05-01 10:51:09,063 INFO     [learning_to_plan.config:72] Processing PaaS for domain: blocksworld
2025-05-01 10:51:09,137 INFO     [learning_to_plan.config:72] Outputting PaaS results to: data/data.jsonl
2025-05-01 10:51:09,138 INFO     [learning_to_plan.config:72] Starting call to planning as a service at 2025-05-01 10:51:09.138056.
2025-05-01 10:51:09,138 INFO     [learning_to_plan.config:72] Loading existing dataset at data/data.jsonl. Skipping recalculation for already processed tasks.
2025-05-01 10:51:09,228 INFO     [learning_to_plan.config:72] Must process 0 tasks.
2025-05-01 10:51:09,359 INFO     [learning_to_plan.config:72] Finished writing to data/data.jsonl.
2025-05-01 10:51:09,359 INFO     [learning_to_plan.config:72] Finished call to planning as a service at 2025-05-01 10:51:09.359891.
2025-05-01 10:51:09,363 INFO     [learning_to_plan.config:72] Finished PaaS calls for domain: blocksworld
2025-05-01 10:51:09,363 INFO     [learning_to_plan.config:72] --- Finished All PaaS Calls ---
2025-05-01 10:51:09,363 INFO     [learning_to_plan.config:72] --- Main script execution finished ---
2025-05-01 10:51:34,058 INFO     [learning_to_plan.config:72] File logging initialized. Log file: data/logs.log
2025-05-01 10:51:34,058 INFO     [learning_to_plan.config:72] --- Starting Dataset Splitting ---
2025-05-01 10:51:34,059 INFO     [learning_to_plan.config:72] Starting to build finetuning dataset at 2025-05-01 10:51:34.058995.
2025-05-01 10:51:34,162 INFO     [learning_to_plan.config:72] Splitting tasks in domain: blocksworld
2025-05-01 10:51:34,243 INFO     [learning_to_plan.config:72] Writing 4400 tasks to data/data.jsonl.
2025-05-01 10:51:34,392 INFO     [learning_to_plan.config:72] Finished writing 4400 tasks to data/data.jsonl.
2025-05-01 10:51:34,392 INFO     [learning_to_plan.config:72] Finished splitting tasks in domain: blocksworld.
2025-05-01 10:51:34,392 INFO     [learning_to_plan.config:72] Finished building finetuning dataset at 2025-05-01 10:51:34.392616.
2025-05-01 10:51:34,395 INFO     [learning_to_plan.config:72] --- Finished All Dataset Splitting ---
2025-05-01 10:51:34,395 INFO     [learning_to_plan.config:72] --- Main script execution finished ---
2025-05-01 10:54:54,418 INFO     [learning_to_plan.config:72] File logging initialized. Log file: data/logs.log
2025-05-01 10:54:54,418 INFO     [learning_to_plan.config:72] --- Starting Model Training ---
2025-05-01 10:54:54,515 INFO     [learning_to_plan.config:72] Processing all found domains: blocksworld
2025-05-01 10:54:54,517 INFO     [learning_to_plan.config:72] Starting training for domain: blocksworld
2025-05-01 10:54:54,517 INFO     [learning_to_plan.config:72] Starting training for Qwen/Qwen2.5-0.5B-Instruct -- started 2025-05-01 10:54:54
2025-05-01 10:54:54,518 INFO     [learning_to_plan.config:72] Checkpoints will be saved to: data/checkpoints/blocksworld/Qwen/Qwen2.5-0.5B-Instruct
2025-05-01 10:54:54,518 INFO     [learning_to_plan.config:72] Loading model and tokenizer (checkpoint dir: data/checkpoints/blocksworld/Qwen/Qwen2.5-0.5B-Instruct)...
2025-05-01 11:07:33,674 INFO     [learning_to_plan.config:72] File logging initialized. Log file: data/logs.log
2025-05-01 11:07:33,674 INFO     [learning_to_plan.config:72] --- Starting Model Training ---
2025-05-01 11:07:33,759 INFO     [learning_to_plan.config:72] Processing all found domains: blocksworld
2025-05-01 11:07:33,761 INFO     [learning_to_plan.config:72] Starting training for domain: blocksworld
2025-05-01 11:07:33,761 INFO     [learning_to_plan.config:72] Starting training for Qwen/Qwen2.5-0.5B-Instruct -- started 2025-05-01 11:07:33
2025-05-01 11:07:33,761 INFO     [learning_to_plan.config:72] Checkpoints will be saved to: data/checkpoints/blocksworld/Qwen/Qwen2.5-0.5B-Instruct
2025-05-01 11:07:33,761 INFO     [learning_to_plan.config:72] Loading model and tokenizer (checkpoint dir: data/checkpoints/blocksworld/Qwen/Qwen2.5-0.5B-Instruct)...
2025-05-01 11:13:35,893 INFO     [learning_to_plan.config:72] File logging initialized. Log file: data/logs.log
2025-05-01 11:13:35,893 INFO     [learning_to_plan.config:72] --- Starting Model Training ---
2025-05-01 11:13:35,980 INFO     [learning_to_plan.config:72] Processing all found domains: blocksworld
2025-05-01 11:13:35,982 INFO     [learning_to_plan.config:72] Starting training for domain: blocksworld
2025-05-01 11:13:35,983 INFO     [learning_to_plan.config:72] Starting training for Qwen/Qwen2.5-0.5B-Instruct -- started 2025-05-01 11:13:35
2025-05-01 11:13:35,983 INFO     [learning_to_plan.config:72] Checkpoints will be saved to: data/checkpoints/blocksworld/Qwen/Qwen2.5-0.5B-Instruct
2025-05-01 11:13:35,983 INFO     [learning_to_plan.config:72] Loading model and tokenizer (checkpoint dir: data/checkpoints/blocksworld/Qwen/Qwen2.5-0.5B-Instruct)...
2025-05-01 11:17:07,485 INFO     [learning_to_plan.config:72] File logging initialized. Log file: data/logs.log
2025-05-01 11:17:07,485 INFO     [learning_to_plan.config:72] --- Starting Model Training ---
2025-05-01 11:17:07,569 INFO     [learning_to_plan.config:72] Processing all found domains: blocksworld
2025-05-01 11:17:07,571 INFO     [learning_to_plan.config:72] Starting training for domain: blocksworld
2025-05-01 11:17:07,572 INFO     [learning_to_plan.config:72] Starting training for Qwen/Qwen2.5-0.5B-Instruct -- started 2025-05-01 11:17:07
2025-05-01 11:17:07,572 INFO     [learning_to_plan.config:72] Checkpoints will be saved to: data/checkpoints/blocksworld/Qwen/Qwen2.5-0.5B-Instruct
2025-05-01 11:17:07,572 INFO     [learning_to_plan.config:72] Loading model and tokenizer (checkpoint dir: data/checkpoints/blocksworld/Qwen/Qwen2.5-0.5B-Instruct)...
2025-05-01 11:17:07,572 INFO     [learning_to_plan.config:72] Determined model source: Qwen/Qwen2.5-0.5B-Instruct (Base Model)
2025-05-01 11:17:08,650 INFO     [accelerate.utils.modeling:990] We will use 90% of the memory on device 0 for storing the model, and 10% for the buffer to avoid OOM. You can set `max_memory` in to a higher value to use more memory (at your own risk).
2025-05-01 11:17:10,125 INFO     [learning_to_plan.config:72] Model and tokenizer loaded successfully.
2025-05-01 11:17:10,125 INFO     [learning_to_plan.config:72] Loading dataset from: data/data.jsonl
2025-05-01 11:17:10,279 INFO     [learning_to_plan.config:72] Training dataset created with 3200 examples.
2025-05-01 11:17:10,279 INFO     [learning_to_plan.config:72] Validation dataset created with 800 examples.
2025-05-01 11:17:10,283 INFO     [learning_to_plan.config:72] Dataset converted to DatasetDict successfully: DatasetDict({
    train: Dataset({
        features: ['text'],
        num_rows: 3200
    })
    validation: Dataset({
        features: ['text'],
        num_rows: 800
    })
})
2025-05-01 11:17:10,283 INFO     [learning_to_plan.config:72] Number of training examples: 3200
2025-05-01 11:17:10,283 INFO     [learning_to_plan.config:72] Number of validation examples: 800
2025-05-01 11:17:10,283 INFO     [learning_to_plan.config:72] Starting tokenization...
2025-05-01 11:17:10,283 INFO     [learning_to_plan.config:72] Tokenizing datasets...
2025-05-01 11:17:14,763 INFO     [learning_to_plan.config:72] Tokenization complete.
2025-05-01 11:17:14,763 INFO     [learning_to_plan.config:72] Data collator initialized.
2025-05-01 11:17:14,794 INFO     [learning_to_plan.config:72] No checkpoint found. Starting training from scratch.
2025-05-01 11:17:14,795 INFO     [learning_to_plan.config:72] Starting trainer.train() at 2025-05-01 11:17:14
2025-05-01 11:44:39,936 INFO     [learning_to_plan.config:72] File logging initialized. Log file: data/logs.log
2025-05-01 11:44:39,936 INFO     [learning_to_plan.config:72] --- Starting Generation ---
2025-05-01 11:44:40,029 INFO     [learning_to_plan.config:72] Processing all found domains: blocksworld
2025-05-01 11:44:40,031 INFO     [learning_to_plan.config:72] Starting generation for domain: blocksworld
2025-05-01 11:44:40,031 INFO     [learning_to_plan.config:72] Starting generation batch with model 'Qwen/Qwen2.5-0.5B-Instruct' – time: 2025-05-01 11:44:40.031468
2025-05-01 11:44:40,031 INFO     [learning_to_plan.config:72] Using Hugging Face model: Qwen/Qwen2.5-0.5B-Instruct. Model/tokenizer expected to be pre-loaded.
2025-05-01 11:44:40,031 INFO     [learning_to_plan.config:72] Determined model source: data/checkpoints/blocksworld/Qwen/Qwen2.5-0.5B-Instruct/checkpoint-800 (Checkpoint)
2025-05-01 11:44:41,071 INFO     [accelerate.utils.modeling:990] We will use 90% of the memory on device 0 for storing the model, and 10% for the buffer to avoid OOM. You can set `max_memory` in to a higher value to use more memory (at your own risk).
2025-05-01 11:44:42,459 INFO     [learning_to_plan.config:72] Model and tokenizer loaded successfully.
2025-05-01 11:44:42,459 INFO     [learning_to_plan.config:72] Loading tasks from data/data.jsonl
2025-05-01 11:44:42,699 INFO     [learning_to_plan.config:72] Loaded 4400 from data/data.jsonl, of which 400 are test tasks and 400 are for domain blocksworld.
2025-05-01 11:44:42,699 INFO     [learning_to_plan.config:72] Selecting all 400 test tasks.
2025-05-01 11:44:42,699 INFO     [learning_to_plan.config:72] Selected 400 final instances for generation.
2025-05-01 11:44:42,699 INFO     [learning_to_plan.config:72] Starting plan generation loop...
2025-05-01 11:44:55,256 INFO     [learning_to_plan.config:72] File logging initialized. Log file: data/logs.log
2025-05-01 11:44:55,257 INFO     [learning_to_plan.config:72] --- Starting Generation ---
2025-05-01 11:44:55,357 INFO     [learning_to_plan.config:72] Processing all found domains: blocksworld
2025-05-01 11:44:55,359 INFO     [learning_to_plan.config:72] Starting generation for domain: blocksworld
2025-05-01 11:44:55,359 INFO     [learning_to_plan.config:72] Starting generation batch with model 'Qwen/Qwen2.5-0.5B-Instruct' – time: 2025-05-01 11:44:55.359917
2025-05-01 11:44:55,359 INFO     [learning_to_plan.config:72] Using Hugging Face model: Qwen/Qwen2.5-0.5B-Instruct. Model/tokenizer expected to be pre-loaded.
2025-05-01 11:44:55,360 INFO     [learning_to_plan.config:72] Determined model source: data/checkpoints/blocksworld/Qwen/Qwen2.5-0.5B-Instruct/checkpoint-800 (Checkpoint)
2025-05-01 11:44:56,761 INFO     [accelerate.utils.modeling:990] We will use 90% of the memory on device 0 for storing the model, and 10% for the buffer to avoid OOM. You can set `max_memory` in to a higher value to use more memory (at your own risk).
2025-05-01 11:44:58,079 INFO     [learning_to_plan.config:72] Model and tokenizer loaded successfully.
2025-05-01 11:44:58,079 INFO     [learning_to_plan.config:72] Loading tasks from data/data.jsonl
2025-05-01 11:44:58,311 INFO     [learning_to_plan.config:72] Loaded 4400 from data/data.jsonl, of which 400 are test tasks and 400 are for domain blocksworld.
2025-05-01 11:44:58,315 INFO     [learning_to_plan.config:72] Selecting the first 1 sorted test tasks (requested 1).
2025-05-01 11:44:58,316 INFO     [learning_to_plan.config:72] Selected 1 final instances for generation.
2025-05-01 11:44:58,316 INFO     [learning_to_plan.config:72] Starting plan generation loop...
2025-05-01 11:48:58,188 INFO     [learning_to_plan.config:72] Overwriting plans for model Qwen/Qwen2.5-0.5B-Instruct in task data/raw/blocksworld/generated_domain.pddl - data/raw/blocksworld/generated_basic/instance-26.pddl.
2025-05-01 11:48:58,188 INFO     [learning_to_plan.config:72] Added 1 plans for model Qwen/Qwen2.5-0.5B-Instruct in task data/raw/blocksworld/generated_domain.pddl - data/raw/blocksworld/generated_basic/instance-26.pddl.
2025-05-01 11:48:58,189 INFO     [learning_to_plan.config:72] Plan generation loop completed for 1 instances.
2025-05-01 11:48:58,189 INFO     [learning_to_plan.config:72] Saving 4400 tasks back to data/data.jsonl...
2025-05-01 11:48:58,419 INFO     [learning_to_plan.config:72] Results saved to data/data.jsonl.
2025-05-01 11:48:58,419 INFO     [learning_to_plan.config:72] Generation batch finished at 2025-05-01 11:48:58. Total time: 0:04:03.059267
2025-05-01 11:48:58,480 INFO     [learning_to_plan.config:72] Cleaned GPU memory after HF generation.
2025-05-01 11:48:58,484 INFO     [learning_to_plan.config:72] Finished generation for domain: blocksworld
2025-05-01 11:48:58,486 INFO     [learning_to_plan.config:72] --- Finished All Generation ---
2025-05-01 11:48:58,488 INFO     [learning_to_plan.config:72] --- Main script execution finished ---
2025-05-01 11:50:33,600 INFO     [learning_to_plan.config:72] File logging initialized. Log file: data/logs.log
2025-05-01 11:50:33,600 INFO     [learning_to_plan.config:72] --- Starting Validation ---
2025-05-01 11:50:33,600 INFO     [learning_to_plan.config:72] Starting plan validation at 2025-05-01 11:50:33.600377.
2025-05-01 11:50:33,683 INFO     [learning_to_plan.config:72] Loaded 4400 tasks from data/data.jsonl, of which 400 are test tasks.
2025-05-01 11:50:33,718 WARNING  [learning_to_plan.config:72] VAL output does not contain 'Plan valid' for plan 0 of task data/raw/blocksworld/generated_domain.pddl - data/raw/blocksworld/generated_basic_longer_plan_len/instance-29.pddl.
2025-05-01 11:50:33,727 WARNING  [learning_to_plan.config:72] VAL output does not contain 'Plan valid' for plan 0 of task data/raw/blocksworld/generated_domain.pddl - data/raw/blocksworld/generated_basic_longer_plan_len/instance-43.pddl.
2025-05-01 11:50:33,738 WARNING  [learning_to_plan.config:72] VAL output does not contain 'Plan valid' for plan 0 of task data/raw/blocksworld/generated_domain.pddl - data/raw/blocksworld/generated_basic_longer_plan_len/instance-79.pddl.
2025-05-01 11:50:33,745 WARNING  [learning_to_plan.config:72] VAL output does not contain 'Plan valid' for plan 0 of task data/raw/blocksworld/generated_domain.pddl - data/raw/blocksworld/generated_basic_longer_plan_len/instance-89.pddl.
2025-05-01 11:50:33,752 WARNING  [learning_to_plan.config:72] VAL output does not contain 'Plan valid' for plan 0 of task data/raw/blocksworld/generated_domain.pddl - data/raw/blocksworld/generated_basic/instance-1770.pddl.
2025-05-01 11:50:33,759 WARNING  [learning_to_plan.config:72] VAL output does not contain 'Plan valid' for plan 0 of task data/raw/blocksworld/generated_domain.pddl - data/raw/blocksworld/generated_basic/instance-1840.pddl.
2025-05-01 11:50:33,767 WARNING  [learning_to_plan.config:72] VAL output does not contain 'Plan valid' for plan 0 of task data/raw/blocksworld/generated_domain.pddl - data/raw/blocksworld/generated_basic_longer_plan_len/instance-75.pddl.
2025-05-01 11:50:33,776 WARNING  [learning_to_plan.config:72] VAL output does not contain 'Plan valid' for plan 0 of task data/raw/blocksworld/generated_domain.pddl - data/raw/blocksworld/generated_basic_longer_plan_len/instance-127.pddl.
2025-05-01 11:50:33,786 WARNING  [learning_to_plan.config:72] VAL output does not contain 'Plan valid' for plan 0 of task data/raw/blocksworld/generated_domain.pddl - data/raw/blocksworld/generated_basic_longer_plan_len/instance-59.pddl.
2025-05-01 11:50:33,793 WARNING  [learning_to_plan.config:72] VAL output does not contain 'Plan valid' for plan 0 of task data/raw/blocksworld/generated_domain.pddl - data/raw/blocksworld/generated_basic/instance-2356.pddl.
2025-05-01 11:50:33,799 WARNING  [learning_to_plan.config:72] VAL output does not contain 'Plan valid' for plan 0 of task data/raw/blocksworld/generated_domain.pddl - data/raw/blocksworld/generated_basic_longer_plan_len/instance-74.pddl.
2025-05-01 11:50:33,806 WARNING  [learning_to_plan.config:72] VAL output does not contain 'Plan valid' for plan 0 of task data/raw/blocksworld/generated_domain.pddl - data/raw/blocksworld/generated_basic_longer_plan_len/instance-12.pddl.
2025-05-01 11:50:33,814 WARNING  [learning_to_plan.config:72] VAL output does not contain 'Plan valid' for plan 0 of task data/raw/blocksworld/generated_domain.pddl - data/raw/blocksworld/generated_basic/instance-2216.pddl.
2025-05-01 11:50:33,822 WARNING  [learning_to_plan.config:72] VAL output does not contain 'Plan valid' for plan 0 of task data/raw/blocksworld/generated_domain.pddl - data/raw/blocksworld/generated_basic_longer_plan_len/instance-108.pddl.
2025-05-01 11:50:33,829 WARNING  [learning_to_plan.config:72] VAL output does not contain 'Plan valid' for plan 0 of task data/raw/blocksworld/generated_domain.pddl - data/raw/blocksworld/generated_basic_longer_plan_len/instance-158.pddl.
2025-05-01 11:50:33,837 WARNING  [learning_to_plan.config:72] VAL output does not contain 'Plan valid' for plan 0 of task data/raw/blocksworld/generated_domain.pddl - data/raw/blocksworld/generated_basic_longer_plan_len/instance-56.pddl.
2025-05-01 11:50:33,845 WARNING  [learning_to_plan.config:72] VAL output does not contain 'Plan valid' for plan 0 of task data/raw/blocksworld/generated_domain.pddl - data/raw/blocksworld/generated_basic/instance-1674.pddl.
2025-05-01 11:50:33,854 WARNING  [learning_to_plan.config:72] VAL output does not contain 'Plan valid' for plan 0 of task data/raw/blocksworld/generated_domain.pddl - data/raw/blocksworld/generated_basic/instance-3913.pddl.
2025-05-01 11:50:33,862 WARNING  [learning_to_plan.config:72] VAL output does not contain 'Plan valid' for plan 0 of task data/raw/blocksworld/generated_domain.pddl - data/raw/blocksworld/generated_basic_longer_plan_len/instance-54.pddl.
2025-05-01 11:50:33,871 WARNING  [learning_to_plan.config:72] VAL output does not contain 'Plan valid' for plan 0 of task data/raw/blocksworld/generated_domain.pddl - data/raw/blocksworld/generated_basic_longer_plan_len/instance-190.pddl.
2025-05-01 11:50:33,883 WARNING  [learning_to_plan.config:72] VAL output does not contain 'Plan valid' for plan 0 of task data/raw/blocksworld/generated_domain.pddl - data/raw/blocksworld/generated_basic/instance-387.pddl.
2025-05-01 11:50:33,891 WARNING  [learning_to_plan.config:72] VAL output does not contain 'Plan valid' for plan 0 of task data/raw/blocksworld/generated_domain.pddl - data/raw/blocksworld/generated_basic/instance-279.pddl.
2025-05-01 11:50:33,899 WARNING  [learning_to_plan.config:72] VAL output does not contain 'Plan valid' for plan 0 of task data/raw/blocksworld/generated_domain.pddl - data/raw/blocksworld/generated_basic_longer_plan_len/instance-10.pddl.
2025-05-01 11:50:33,907 WARNING  [learning_to_plan.config:72] VAL output does not contain 'Plan valid' for plan 0 of task data/raw/blocksworld/generated_domain.pddl - data/raw/blocksworld/generated_basic_longer_plan_len/instance-60.pddl.
2025-05-01 11:50:33,914 WARNING  [learning_to_plan.config:72] VAL output does not contain 'Plan valid' for plan 0 of task data/raw/blocksworld/generated_domain.pddl - data/raw/blocksworld/generated_basic/instance-4181.pddl.
2025-05-01 11:50:33,921 WARNING  [learning_to_plan.config:72] VAL output does not contain 'Plan valid' for plan 0 of task data/raw/blocksworld/generated_domain.pddl - data/raw/blocksworld/generated_basic/instance-3786.pddl.
2025-05-01 11:50:33,928 WARNING  [learning_to_plan.config:72] VAL output does not contain 'Plan valid' for plan 0 of task data/raw/blocksworld/generated_domain.pddl - data/raw/blocksworld/generated_basic_longer_plan_len/instance-19.pddl.
2025-05-01 11:50:33,936 WARNING  [learning_to_plan.config:72] VAL output does not contain 'Plan valid' for plan 0 of task data/raw/blocksworld/generated_domain.pddl - data/raw/blocksworld/generated_basic_longer_plan_len/instance-23.pddl.
2025-05-01 11:50:33,943 WARNING  [learning_to_plan.config:72] VAL output does not contain 'Plan valid' for plan 0 of task data/raw/blocksworld/generated_domain.pddl - data/raw/blocksworld/generated_basic_longer_plan_len/instance-83.pddl.
2025-05-01 11:50:33,950 WARNING  [learning_to_plan.config:72] VAL output does not contain 'Plan valid' for plan 0 of task data/raw/blocksworld/generated_domain.pddl - data/raw/blocksworld/generated_basic_longer_plan_len/instance-126.pddl.
2025-05-01 11:50:33,956 WARNING  [learning_to_plan.config:72] VAL output does not contain 'Plan valid' for plan 0 of task data/raw/blocksworld/generated_domain.pddl - data/raw/blocksworld/generated_basic_longer_plan_len/instance-16.pddl.
2025-05-01 11:50:33,964 WARNING  [learning_to_plan.config:72] VAL output does not contain 'Plan valid' for plan 0 of task data/raw/blocksworld/generated_domain.pddl - data/raw/blocksworld/generated_basic_longer_plan_len/instance-38.pddl.
2025-05-01 11:50:33,971 WARNING  [learning_to_plan.config:72] VAL output does not contain 'Plan valid' for plan 0 of task data/raw/blocksworld/generated_domain.pddl - data/raw/blocksworld/generated_basic/instance-26.pddl.
2025-05-01 11:50:33,979 WARNING  [learning_to_plan.config:72] VAL output does not contain 'Plan valid' for plan 0 of task data/raw/blocksworld/generated_domain.pddl - data/raw/blocksworld/generated_basic/instance-26.pddl.
2025-05-01 11:50:33,985 WARNING  [learning_to_plan.config:72] VAL output does not contain 'Plan valid' for plan 0 of task data/raw/blocksworld/generated_domain.pddl - data/raw/blocksworld/generated_basic/instance-576.pddl.
2025-05-01 11:50:33,992 WARNING  [learning_to_plan.config:72] VAL output does not contain 'Plan valid' for plan 0 of task data/raw/blocksworld/generated_domain.pddl - data/raw/blocksworld/generated_basic/instance-670.pddl.
2025-05-01 11:50:33,998 WARNING  [learning_to_plan.config:72] VAL output does not contain 'Plan valid' for plan 0 of task data/raw/blocksworld/generated_domain.pddl - data/raw/blocksworld/generated_basic_longer_plan_len/instance-72.pddl.
2025-05-01 11:50:34,005 WARNING  [learning_to_plan.config:72] VAL output does not contain 'Plan valid' for plan 0 of task data/raw/blocksworld/generated_domain.pddl - data/raw/blocksworld/generated_basic/instance-296.pddl.
2025-05-01 11:50:34,012 WARNING  [learning_to_plan.config:72] VAL output does not contain 'Plan valid' for plan 0 of task data/raw/blocksworld/generated_domain.pddl - data/raw/blocksworld/generated_basic_longer_plan_len/instance-31.pddl.
2025-05-01 11:50:34,019 WARNING  [learning_to_plan.config:72] VAL output does not contain 'Plan valid' for plan 0 of task data/raw/blocksworld/generated_domain.pddl - data/raw/blocksworld/generated_basic_longer_plan_len/instance-13.pddl.
2025-05-01 11:50:34,026 WARNING  [learning_to_plan.config:72] VAL output does not contain 'Plan valid' for plan 0 of task data/raw/blocksworld/generated_domain.pddl - data/raw/blocksworld/generated_basic_longer_plan_len/instance-64.pddl.
2025-05-01 11:50:34,033 WARNING  [learning_to_plan.config:72] VAL output does not contain 'Plan valid' for plan 0 of task data/raw/blocksworld/generated_domain.pddl - data/raw/blocksworld/generated_basic/instance-2685.pddl.
2025-05-01 11:50:34,039 WARNING  [learning_to_plan.config:72] VAL output does not contain 'Plan valid' for plan 0 of task data/raw/blocksworld/generated_domain.pddl - data/raw/blocksworld/generated_basic/instance-1538.pddl.
2025-05-01 11:50:34,046 WARNING  [learning_to_plan.config:72] VAL output does not contain 'Plan valid' for plan 0 of task data/raw/blocksworld/generated_domain.pddl - data/raw/blocksworld/generated_basic_longer_plan_len/instance-39.pddl.
2025-05-01 11:50:34,053 WARNING  [learning_to_plan.config:72] VAL output does not contain 'Plan valid' for plan 0 of task data/raw/blocksworld/generated_domain.pddl - data/raw/blocksworld/generated_basic_longer_plan_len/instance-151.pddl.
2025-05-01 11:50:34,059 WARNING  [learning_to_plan.config:72] VAL output does not contain 'Plan valid' for plan 0 of task data/raw/blocksworld/generated_domain.pddl - data/raw/blocksworld/generated_basic_longer_plan_len/instance-91.pddl.
2025-05-01 11:50:34,066 WARNING  [learning_to_plan.config:72] VAL output does not contain 'Plan valid' for plan 0 of task data/raw/blocksworld/generated_domain.pddl - data/raw/blocksworld/generated_basic/instance-322.pddl.
2025-05-01 11:50:34,074 WARNING  [learning_to_plan.config:72] VAL output does not contain 'Plan valid' for plan 0 of task data/raw/blocksworld/generated_domain.pddl - data/raw/blocksworld/generated_basic/instance-30.pddl.
2025-05-01 11:50:34,081 WARNING  [learning_to_plan.config:72] VAL output does not contain 'Plan valid' for plan 0 of task data/raw/blocksworld/generated_domain.pddl - data/raw/blocksworld/generated_basic/instance-1216.pddl.
2025-05-01 11:50:34,088 WARNING  [learning_to_plan.config:72] VAL output does not contain 'Plan valid' for plan 0 of task data/raw/blocksworld/generated_domain.pddl - data/raw/blocksworld/generated_basic_longer_plan_len/instance-175.pddl.
2025-05-01 11:50:34,095 WARNING  [learning_to_plan.config:72] VAL output does not contain 'Plan valid' for plan 0 of task data/raw/blocksworld/generated_domain.pddl - data/raw/blocksworld/generated_basic_longer_plan_len/instance-144.pddl.
2025-05-01 11:50:34,102 WARNING  [learning_to_plan.config:72] VAL output does not contain 'Plan valid' for plan 0 of task data/raw/blocksworld/generated_domain.pddl - data/raw/blocksworld/generated_basic_longer_plan_len/instance-1.pddl.
2025-05-01 11:50:34,109 WARNING  [learning_to_plan.config:72] VAL output does not contain 'Plan valid' for plan 0 of task data/raw/blocksworld/generated_domain.pddl - data/raw/blocksworld/generated_basic/instance-3769.pddl.
2025-05-01 11:50:34,117 WARNING  [learning_to_plan.config:72] VAL output does not contain 'Plan valid' for plan 0 of task data/raw/blocksworld/generated_domain.pddl - data/raw/blocksworld/generated_basic_longer_plan_len/instance-196.pddl.
2025-05-01 11:50:34,124 WARNING  [learning_to_plan.config:72] VAL output does not contain 'Plan valid' for plan 0 of task data/raw/blocksworld/generated_domain.pddl - data/raw/blocksworld/generated_basic/instance-1320.pddl.
2025-05-01 11:50:34,131 WARNING  [learning_to_plan.config:72] VAL output does not contain 'Plan valid' for plan 0 of task data/raw/blocksworld/generated_domain.pddl - data/raw/blocksworld/generated_basic/instance-3477.pddl.
2025-05-01 11:50:34,139 WARNING  [learning_to_plan.config:72] VAL output does not contain 'Plan valid' for plan 0 of task data/raw/blocksworld/generated_domain.pddl - data/raw/blocksworld/generated_basic/instance-108.pddl.
2025-05-01 11:50:34,146 WARNING  [learning_to_plan.config:72] VAL output does not contain 'Plan valid' for plan 0 of task data/raw/blocksworld/generated_domain.pddl - data/raw/blocksworld/generated_basic_longer_plan_len/instance-187.pddl.
2025-05-01 11:50:34,153 WARNING  [learning_to_plan.config:72] VAL output does not contain 'Plan valid' for plan 0 of task data/raw/blocksworld/generated_domain.pddl - data/raw/blocksworld/generated_basic_longer_plan_len/instance-130.pddl.
2025-05-01 11:50:34,159 WARNING  [learning_to_plan.config:72] VAL output does not contain 'Plan valid' for plan 0 of task data/raw/blocksworld/generated_domain.pddl - data/raw/blocksworld/generated_basic/instance-1866.pddl.
2025-05-01 11:50:34,166 WARNING  [learning_to_plan.config:72] VAL output does not contain 'Plan valid' for plan 0 of task data/raw/blocksworld/generated_domain.pddl - data/raw/blocksworld/generated_basic_longer_plan_len/instance-185.pddl.
2025-05-01 11:50:34,174 WARNING  [learning_to_plan.config:72] VAL output does not contain 'Plan valid' for plan 0 of task data/raw/blocksworld/generated_domain.pddl - data/raw/blocksworld/generated_basic_longer_plan_len/instance-51.pddl.
2025-05-01 11:50:34,182 WARNING  [learning_to_plan.config:72] VAL output does not contain 'Plan valid' for plan 0 of task data/raw/blocksworld/generated_domain.pddl - data/raw/blocksworld/generated_basic_longer_plan_len/instance-152.pddl.
2025-05-01 11:50:34,190 WARNING  [learning_to_plan.config:72] VAL output does not contain 'Plan valid' for plan 0 of task data/raw/blocksworld/generated_domain.pddl - data/raw/blocksworld/generated_basic_longer_plan_len/instance-147.pddl.
2025-05-01 11:50:34,198 WARNING  [learning_to_plan.config:72] VAL output does not contain 'Plan valid' for plan 0 of task data/raw/blocksworld/generated_domain.pddl - data/raw/blocksworld/generated_basic/instance-2483.pddl.
2025-05-01 11:50:34,205 WARNING  [learning_to_plan.config:72] VAL output does not contain 'Plan valid' for plan 0 of task data/raw/blocksworld/generated_domain.pddl - data/raw/blocksworld/generated_basic/instance-561.pddl.
2025-05-01 11:50:34,213 WARNING  [learning_to_plan.config:72] VAL output does not contain 'Plan valid' for plan 0 of task data/raw/blocksworld/generated_domain.pddl - data/raw/blocksworld/generated_basic/instance-1444.pddl.
2025-05-01 11:50:34,220 WARNING  [learning_to_plan.config:72] VAL output does not contain 'Plan valid' for plan 0 of task data/raw/blocksworld/generated_domain.pddl - data/raw/blocksworld/generated_basic/instance-178.pddl.
2025-05-01 11:50:34,228 WARNING  [learning_to_plan.config:72] VAL output does not contain 'Plan valid' for plan 0 of task data/raw/blocksworld/generated_domain.pddl - data/raw/blocksworld/generated_basic_longer_plan_len/instance-119.pddl.
2025-05-01 11:50:34,236 WARNING  [learning_to_plan.config:72] VAL output does not contain 'Plan valid' for plan 0 of task data/raw/blocksworld/generated_domain.pddl - data/raw/blocksworld/generated_basic/instance-1427.pddl.
2025-05-01 11:50:34,246 WARNING  [learning_to_plan.config:72] VAL output does not contain 'Plan valid' for plan 0 of task data/raw/blocksworld/generated_domain.pddl - data/raw/blocksworld/generated_basic_longer_plan_len/instance-45.pddl.
2025-05-01 11:50:34,253 WARNING  [learning_to_plan.config:72] VAL output does not contain 'Plan valid' for plan 0 of task data/raw/blocksworld/generated_domain.pddl - data/raw/blocksworld/generated_basic_longer_plan_len/instance-40.pddl.
2025-05-01 11:50:34,262 WARNING  [learning_to_plan.config:72] VAL output does not contain 'Plan valid' for plan 0 of task data/raw/blocksworld/generated_domain.pddl - data/raw/blocksworld/generated_basic/instance-2295.pddl.
2025-05-01 11:50:34,270 WARNING  [learning_to_plan.config:72] VAL output does not contain 'Plan valid' for plan 0 of task data/raw/blocksworld/generated_domain.pddl - data/raw/blocksworld/generated_basic_longer_plan_len/instance-199.pddl.
2025-05-01 11:50:34,277 WARNING  [learning_to_plan.config:72] VAL output does not contain 'Plan valid' for plan 0 of task data/raw/blocksworld/generated_domain.pddl - data/raw/blocksworld/generated_basic_longer_plan_len/instance-0.pddl.
2025-05-01 11:50:34,284 WARNING  [learning_to_plan.config:72] VAL output does not contain 'Plan valid' for plan 0 of task data/raw/blocksworld/generated_domain.pddl - data/raw/blocksworld/generated_basic/instance-4170.pddl.
2025-05-01 11:50:34,291 WARNING  [learning_to_plan.config:72] VAL output does not contain 'Plan valid' for plan 0 of task data/raw/blocksworld/generated_domain.pddl - data/raw/blocksworld/generated_basic/instance-1502.pddl.
2025-05-01 11:50:34,298 WARNING  [learning_to_plan.config:72] VAL output does not contain 'Plan valid' for plan 0 of task data/raw/blocksworld/generated_domain.pddl - data/raw/blocksworld/generated_basic/instance-2414.pddl.
2025-05-01 11:50:34,306 WARNING  [learning_to_plan.config:72] VAL output does not contain 'Plan valid' for plan 0 of task data/raw/blocksworld/generated_domain.pddl - data/raw/blocksworld/generated_basic/instance-3352.pddl.
2025-05-01 11:50:34,313 WARNING  [learning_to_plan.config:72] VAL output does not contain 'Plan valid' for plan 0 of task data/raw/blocksworld/generated_domain.pddl - data/raw/blocksworld/generated_basic/instance-2618.pddl.
2025-05-01 11:50:34,321 WARNING  [learning_to_plan.config:72] VAL output does not contain 'Plan valid' for plan 0 of task data/raw/blocksworld/generated_domain.pddl - data/raw/blocksworld/generated_basic_longer_plan_len/instance-122.pddl.
2025-05-01 11:50:34,330 WARNING  [learning_to_plan.config:72] VAL output does not contain 'Plan valid' for plan 0 of task data/raw/blocksworld/generated_domain.pddl - data/raw/blocksworld/generated_basic/instance-3998.pddl.
2025-05-01 11:50:34,337 WARNING  [learning_to_plan.config:72] VAL output does not contain 'Plan valid' for plan 0 of task data/raw/blocksworld/generated_domain.pddl - data/raw/blocksworld/generated_basic/instance-3907.pddl.
2025-05-01 11:50:34,346 WARNING  [learning_to_plan.config:72] VAL output does not contain 'Plan valid' for plan 0 of task data/raw/blocksworld/generated_domain.pddl - data/raw/blocksworld/generated_basic/instance-1289.pddl.
2025-05-01 11:50:34,353 WARNING  [learning_to_plan.config:72] VAL output does not contain 'Plan valid' for plan 0 of task data/raw/blocksworld/generated_domain.pddl - data/raw/blocksworld/generated_basic/instance-1138.pddl.
2025-05-01 11:50:34,361 WARNING  [learning_to_plan.config:72] VAL output does not contain 'Plan valid' for plan 0 of task data/raw/blocksworld/generated_domain.pddl - data/raw/blocksworld/generated_basic_longer_plan_len/instance-134.pddl.
2025-05-01 11:50:34,369 WARNING  [learning_to_plan.config:72] VAL output does not contain 'Plan valid' for plan 0 of task data/raw/blocksworld/generated_domain.pddl - data/raw/blocksworld/generated_basic_longer_plan_len/instance-132.pddl.
2025-05-01 11:50:34,376 WARNING  [learning_to_plan.config:72] VAL output does not contain 'Plan valid' for plan 0 of task data/raw/blocksworld/generated_domain.pddl - data/raw/blocksworld/generated_basic_longer_plan_len/instance-99.pddl.
2025-05-01 11:50:34,384 WARNING  [learning_to_plan.config:72] VAL output does not contain 'Plan valid' for plan 0 of task data/raw/blocksworld/generated_domain.pddl - data/raw/blocksworld/generated_basic_longer_plan_len/instance-191.pddl.
2025-05-01 11:50:34,394 WARNING  [learning_to_plan.config:72] VAL output does not contain 'Plan valid' for plan 0 of task data/raw/blocksworld/generated_domain.pddl - data/raw/blocksworld/generated_basic_longer_plan_len/instance-6.pddl.
2025-05-01 11:50:34,401 WARNING  [learning_to_plan.config:72] VAL output does not contain 'Plan valid' for plan 0 of task data/raw/blocksworld/generated_domain.pddl - data/raw/blocksworld/generated_basic/instance-3735.pddl.
2025-05-01 11:50:34,411 WARNING  [learning_to_plan.config:72] VAL output does not contain 'Plan valid' for plan 0 of task data/raw/blocksworld/generated_domain.pddl - data/raw/blocksworld/generated_basic_longer_plan_len/instance-107.pddl.
2025-05-01 11:50:34,422 WARNING  [learning_to_plan.config:72] VAL output does not contain 'Plan valid' for plan 0 of task data/raw/blocksworld/generated_domain.pddl - data/raw/blocksworld/generated_basic/instance-1767.pddl.
2025-05-01 11:50:34,431 WARNING  [learning_to_plan.config:72] VAL output does not contain 'Plan valid' for plan 0 of task data/raw/blocksworld/generated_domain.pddl - data/raw/blocksworld/generated_basic/instance-3088.pddl.
2025-05-01 11:50:34,444 WARNING  [learning_to_plan.config:72] VAL output does not contain 'Plan valid' for plan 0 of task data/raw/blocksworld/generated_domain.pddl - data/raw/blocksworld/generated_basic/instance-4102.pddl.
2025-05-01 11:50:34,453 WARNING  [learning_to_plan.config:72] VAL output does not contain 'Plan valid' for plan 0 of task data/raw/blocksworld/generated_domain.pddl - data/raw/blocksworld/generated_basic_longer_plan_len/instance-105.pddl.
2025-05-01 11:50:34,461 WARNING  [learning_to_plan.config:72] VAL output does not contain 'Plan valid' for plan 0 of task data/raw/blocksworld/generated_domain.pddl - data/raw/blocksworld/generated_basic/instance-63.pddl.
2025-05-01 11:50:34,469 WARNING  [learning_to_plan.config:72] VAL output does not contain 'Plan valid' for plan 0 of task data/raw/blocksworld/generated_domain.pddl - data/raw/blocksworld/generated_basic/instance-1162.pddl.
2025-05-01 11:50:34,476 WARNING  [learning_to_plan.config:72] VAL output does not contain 'Plan valid' for plan 0 of task data/raw/blocksworld/generated_domain.pddl - data/raw/blocksworld/generated_basic/instance-1808.pddl.
2025-05-01 11:50:34,484 WARNING  [learning_to_plan.config:72] VAL output does not contain 'Plan valid' for plan 0 of task data/raw/blocksworld/generated_domain.pddl - data/raw/blocksworld/generated_basic_longer_plan_len/instance-154.pddl.
2025-05-01 11:50:34,490 WARNING  [learning_to_plan.config:72] VAL output does not contain 'Plan valid' for plan 0 of task data/raw/blocksworld/generated_domain.pddl - data/raw/blocksworld/generated_basic/instance-1512.pddl.
2025-05-01 11:50:34,497 WARNING  [learning_to_plan.config:72] VAL output does not contain 'Plan valid' for plan 0 of task data/raw/blocksworld/generated_domain.pddl - data/raw/blocksworld/generated_basic/instance-358.pddl.
2025-05-01 11:50:34,504 WARNING  [learning_to_plan.config:72] VAL output does not contain 'Plan valid' for plan 0 of task data/raw/blocksworld/generated_domain.pddl - data/raw/blocksworld/generated_basic/instance-2800.pddl.
2025-05-01 11:50:34,511 WARNING  [learning_to_plan.config:72] VAL output does not contain 'Plan valid' for plan 0 of task data/raw/blocksworld/generated_domain.pddl - data/raw/blocksworld/generated_basic_longer_plan_len/instance-167.pddl.
2025-05-01 11:50:34,518 WARNING  [learning_to_plan.config:72] VAL output does not contain 'Plan valid' for plan 0 of task data/raw/blocksworld/generated_domain.pddl - data/raw/blocksworld/generated_basic_longer_plan_len/instance-170.pddl.
2025-05-01 11:50:34,524 WARNING  [learning_to_plan.config:72] VAL output does not contain 'Plan valid' for plan 0 of task data/raw/blocksworld/generated_domain.pddl - data/raw/blocksworld/generated_basic/instance-1108.pddl.
2025-05-01 11:50:34,531 WARNING  [learning_to_plan.config:72] VAL output does not contain 'Plan valid' for plan 0 of task data/raw/blocksworld/generated_domain.pddl - data/raw/blocksworld/generated_basic_longer_plan_len/instance-53.pddl.
2025-05-01 11:50:34,538 WARNING  [learning_to_plan.config:72] VAL output does not contain 'Plan valid' for plan 0 of task data/raw/blocksworld/generated_domain.pddl - data/raw/blocksworld/generated_basic_longer_plan_len/instance-192.pddl.
2025-05-01 11:50:34,545 WARNING  [learning_to_plan.config:72] VAL output does not contain 'Plan valid' for plan 0 of task data/raw/blocksworld/generated_domain.pddl - data/raw/blocksworld/generated_basic/instance-1422.pddl.
2025-05-01 11:50:34,553 WARNING  [learning_to_plan.config:72] VAL output does not contain 'Plan valid' for plan 0 of task data/raw/blocksworld/generated_domain.pddl - data/raw/blocksworld/generated_basic_longer_plan_len/instance-145.pddl.
2025-05-01 11:50:34,559 WARNING  [learning_to_plan.config:72] VAL output does not contain 'Plan valid' for plan 0 of task data/raw/blocksworld/generated_domain.pddl - data/raw/blocksworld/generated_basic/instance-809.pddl.
2025-05-01 11:50:34,566 WARNING  [learning_to_plan.config:72] VAL output does not contain 'Plan valid' for plan 0 of task data/raw/blocksworld/generated_domain.pddl - data/raw/blocksworld/generated_basic_longer_plan_len/instance-173.pddl.
2025-05-01 11:50:34,573 WARNING  [learning_to_plan.config:72] VAL output does not contain 'Plan valid' for plan 0 of task data/raw/blocksworld/generated_domain.pddl - data/raw/blocksworld/generated_basic/instance-3741.pddl.
2025-05-01 11:50:34,580 WARNING  [learning_to_plan.config:72] VAL output does not contain 'Plan valid' for plan 0 of task data/raw/blocksworld/generated_domain.pddl - data/raw/blocksworld/generated_basic_longer_plan_len/instance-166.pddl.
2025-05-01 11:50:34,587 WARNING  [learning_to_plan.config:72] VAL output does not contain 'Plan valid' for plan 0 of task data/raw/blocksworld/generated_domain.pddl - data/raw/blocksworld/generated_basic/instance-3209.pddl.
2025-05-01 11:50:34,594 WARNING  [learning_to_plan.config:72] VAL output does not contain 'Plan valid' for plan 0 of task data/raw/blocksworld/generated_domain.pddl - data/raw/blocksworld/generated_basic_longer_plan_len/instance-157.pddl.
2025-05-01 11:50:34,601 WARNING  [learning_to_plan.config:72] VAL output does not contain 'Plan valid' for plan 0 of task data/raw/blocksworld/generated_domain.pddl - data/raw/blocksworld/generated_basic_longer_plan_len/instance-25.pddl.
2025-05-01 11:50:34,608 WARNING  [learning_to_plan.config:72] VAL output does not contain 'Plan valid' for plan 0 of task data/raw/blocksworld/generated_domain.pddl - data/raw/blocksworld/generated_basic/instance-3630.pddl.
2025-05-01 11:50:34,615 WARNING  [learning_to_plan.config:72] VAL output does not contain 'Plan valid' for plan 0 of task data/raw/blocksworld/generated_domain.pddl - data/raw/blocksworld/generated_basic_longer_plan_len/instance-159.pddl.
2025-05-01 11:50:34,622 WARNING  [learning_to_plan.config:72] VAL output does not contain 'Plan valid' for plan 0 of task data/raw/blocksworld/generated_domain.pddl - data/raw/blocksworld/generated_basic_longer_plan_len/instance-46.pddl.
2025-05-01 11:50:34,630 WARNING  [learning_to_plan.config:72] VAL output does not contain 'Plan valid' for plan 0 of task data/raw/blocksworld/generated_domain.pddl - data/raw/blocksworld/generated_basic/instance-3554.pddl.
2025-05-01 11:50:34,637 WARNING  [learning_to_plan.config:72] VAL output does not contain 'Plan valid' for plan 0 of task data/raw/blocksworld/generated_domain.pddl - data/raw/blocksworld/generated_basic/instance-1017.pddl.
2025-05-01 11:50:34,644 WARNING  [learning_to_plan.config:72] VAL output does not contain 'Plan valid' for plan 0 of task data/raw/blocksworld/generated_domain.pddl - data/raw/blocksworld/generated_basic/instance-1488.pddl.
2025-05-01 11:50:34,651 WARNING  [learning_to_plan.config:72] VAL output does not contain 'Plan valid' for plan 0 of task data/raw/blocksworld/generated_domain.pddl - data/raw/blocksworld/generated_basic_longer_plan_len/instance-133.pddl.
2025-05-01 11:50:34,658 WARNING  [learning_to_plan.config:72] VAL output does not contain 'Plan valid' for plan 0 of task data/raw/blocksworld/generated_domain.pddl - data/raw/blocksworld/generated_basic/instance-1163.pddl.
2025-05-01 11:50:34,664 WARNING  [learning_to_plan.config:72] VAL output does not contain 'Plan valid' for plan 0 of task data/raw/blocksworld/generated_domain.pddl - data/raw/blocksworld/generated_basic/instance-3299.pddl.
2025-05-01 11:50:34,671 WARNING  [learning_to_plan.config:72] VAL output does not contain 'Plan valid' for plan 0 of task data/raw/blocksworld/generated_domain.pddl - data/raw/blocksworld/generated_basic_longer_plan_len/instance-26.pddl.
2025-05-01 11:50:34,678 WARNING  [learning_to_plan.config:72] VAL output does not contain 'Plan valid' for plan 0 of task data/raw/blocksworld/generated_domain.pddl - data/raw/blocksworld/generated_basic_longer_plan_len/instance-114.pddl.
2025-05-01 11:50:34,685 WARNING  [learning_to_plan.config:72] VAL output does not contain 'Plan valid' for plan 0 of task data/raw/blocksworld/generated_domain.pddl - data/raw/blocksworld/generated_basic/instance-1788.pddl.
2025-05-01 11:50:34,691 WARNING  [learning_to_plan.config:72] VAL output does not contain 'Plan valid' for plan 0 of task data/raw/blocksworld/generated_domain.pddl - data/raw/blocksworld/generated_basic/instance-3217.pddl.
2025-05-01 11:50:34,698 WARNING  [learning_to_plan.config:72] VAL output does not contain 'Plan valid' for plan 0 of task data/raw/blocksworld/generated_domain.pddl - data/raw/blocksworld/generated_basic/instance-1732.pddl.
2025-05-01 11:50:34,704 WARNING  [learning_to_plan.config:72] VAL output does not contain 'Plan valid' for plan 0 of task data/raw/blocksworld/generated_domain.pddl - data/raw/blocksworld/generated_basic/instance-2258.pddl.
2025-05-01 11:50:34,711 WARNING  [learning_to_plan.config:72] VAL output does not contain 'Plan valid' for plan 0 of task data/raw/blocksworld/generated_domain.pddl - data/raw/blocksworld/generated_basic_longer_plan_len/instance-70.pddl.
2025-05-01 11:50:34,718 WARNING  [learning_to_plan.config:72] VAL output does not contain 'Plan valid' for plan 0 of task data/raw/blocksworld/generated_domain.pddl - data/raw/blocksworld/generated_basic_longer_plan_len/instance-62.pddl.
2025-05-01 11:50:34,726 WARNING  [learning_to_plan.config:72] VAL output does not contain 'Plan valid' for plan 0 of task data/raw/blocksworld/generated_domain.pddl - data/raw/blocksworld/generated_basic_longer_plan_len/instance-66.pddl.
2025-05-01 11:50:34,734 WARNING  [learning_to_plan.config:72] VAL output does not contain 'Plan valid' for plan 0 of task data/raw/blocksworld/generated_domain.pddl - data/raw/blocksworld/generated_basic/instance-3744.pddl.
2025-05-01 11:50:34,744 WARNING  [learning_to_plan.config:72] VAL output does not contain 'Plan valid' for plan 0 of task data/raw/blocksworld/generated_domain.pddl - data/raw/blocksworld/generated_basic_longer_plan_len/instance-2.pddl.
2025-05-01 11:50:34,751 WARNING  [learning_to_plan.config:72] VAL output does not contain 'Plan valid' for plan 0 of task data/raw/blocksworld/generated_domain.pddl - data/raw/blocksworld/generated_basic_longer_plan_len/instance-198.pddl.
2025-05-01 11:50:34,760 WARNING  [learning_to_plan.config:72] VAL output does not contain 'Plan valid' for plan 0 of task data/raw/blocksworld/generated_domain.pddl - data/raw/blocksworld/generated_basic/instance-2886.pddl.
2025-05-01 11:50:34,769 WARNING  [learning_to_plan.config:72] VAL output does not contain 'Plan valid' for plan 0 of task data/raw/blocksworld/generated_domain.pddl - data/raw/blocksworld/generated_basic_longer_plan_len/instance-193.pddl.
2025-05-01 11:50:34,778 WARNING  [learning_to_plan.config:72] VAL output does not contain 'Plan valid' for plan 0 of task data/raw/blocksworld/generated_domain.pddl - data/raw/blocksworld/generated_basic/instance-3670.pddl.
2025-05-01 11:50:34,784 WARNING  [learning_to_plan.config:72] VAL output does not contain 'Plan valid' for plan 0 of task data/raw/blocksworld/generated_domain.pddl - data/raw/blocksworld/generated_basic/instance-196.pddl.
2025-05-01 11:50:34,792 WARNING  [learning_to_plan.config:72] VAL output does not contain 'Plan valid' for plan 0 of task data/raw/blocksworld/generated_domain.pddl - data/raw/blocksworld/generated_basic_longer_plan_len/instance-81.pddl.
2025-05-01 11:50:34,799 WARNING  [learning_to_plan.config:72] VAL output does not contain 'Plan valid' for plan 0 of task data/raw/blocksworld/generated_domain.pddl - data/raw/blocksworld/generated_basic_longer_plan_len/instance-136.pddl.
2025-05-01 11:50:34,807 WARNING  [learning_to_plan.config:72] VAL output does not contain 'Plan valid' for plan 0 of task data/raw/blocksworld/generated_domain.pddl - data/raw/blocksworld/generated_basic/instance-712.pddl.
2025-05-01 11:50:34,815 WARNING  [learning_to_plan.config:72] VAL output does not contain 'Plan valid' for plan 0 of task data/raw/blocksworld/generated_domain.pddl - data/raw/blocksworld/generated_basic_longer_plan_len/instance-92.pddl.
2025-05-01 11:50:34,823 WARNING  [learning_to_plan.config:72] VAL output does not contain 'Plan valid' for plan 0 of task data/raw/blocksworld/generated_domain.pddl - data/raw/blocksworld/generated_basic_longer_plan_len/instance-141.pddl.
2025-05-01 11:50:34,831 WARNING  [learning_to_plan.config:72] VAL output does not contain 'Plan valid' for plan 0 of task data/raw/blocksworld/generated_domain.pddl - data/raw/blocksworld/generated_basic/instance-2378.pddl.
2025-05-01 11:50:34,839 WARNING  [learning_to_plan.config:72] VAL output does not contain 'Plan valid' for plan 0 of task data/raw/blocksworld/generated_domain.pddl - data/raw/blocksworld/generated_basic/instance-3990.pddl.
2025-05-01 11:50:34,848 WARNING  [learning_to_plan.config:72] VAL output does not contain 'Plan valid' for plan 0 of task data/raw/blocksworld/generated_domain.pddl - data/raw/blocksworld/generated_basic_longer_plan_len/instance-125.pddl.
2025-05-01 11:50:34,858 WARNING  [learning_to_plan.config:72] VAL output does not contain 'Plan valid' for plan 0 of task data/raw/blocksworld/generated_domain.pddl - data/raw/blocksworld/generated_basic_longer_plan_len/instance-123.pddl.
2025-05-01 11:50:34,866 WARNING  [learning_to_plan.config:72] VAL output does not contain 'Plan valid' for plan 0 of task data/raw/blocksworld/generated_domain.pddl - data/raw/blocksworld/generated_basic_longer_plan_len/instance-65.pddl.
2025-05-01 11:50:34,876 WARNING  [learning_to_plan.config:72] VAL output does not contain 'Plan valid' for plan 0 of task data/raw/blocksworld/generated_domain.pddl - data/raw/blocksworld/generated_basic_longer_plan_len/instance-189.pddl.
2025-05-01 11:50:34,885 WARNING  [learning_to_plan.config:72] VAL output does not contain 'Plan valid' for plan 0 of task data/raw/blocksworld/generated_domain.pddl - data/raw/blocksworld/generated_basic/instance-3534.pddl.
2025-05-01 11:50:34,894 WARNING  [learning_to_plan.config:72] VAL output does not contain 'Plan valid' for plan 0 of task data/raw/blocksworld/generated_domain.pddl - data/raw/blocksworld/generated_basic/instance-1123.pddl.
2025-05-01 11:50:34,903 WARNING  [learning_to_plan.config:72] VAL output does not contain 'Plan valid' for plan 0 of task data/raw/blocksworld/generated_domain.pddl - data/raw/blocksworld/generated_basic/instance-3971.pddl.
2025-05-01 11:50:34,911 WARNING  [learning_to_plan.config:72] VAL output does not contain 'Plan valid' for plan 0 of task data/raw/blocksworld/generated_domain.pddl - data/raw/blocksworld/generated_basic_longer_plan_len/instance-61.pddl.
2025-05-01 11:50:34,918 WARNING  [learning_to_plan.config:72] VAL output does not contain 'Plan valid' for plan 0 of task data/raw/blocksworld/generated_domain.pddl - data/raw/blocksworld/generated_basic_longer_plan_len/instance-150.pddl.
2025-05-01 11:50:34,926 WARNING  [learning_to_plan.config:72] VAL output does not contain 'Plan valid' for plan 0 of task data/raw/blocksworld/generated_domain.pddl - data/raw/blocksworld/generated_basic_longer_plan_len/instance-63.pddl.
2025-05-01 11:50:34,934 WARNING  [learning_to_plan.config:72] VAL output does not contain 'Plan valid' for plan 0 of task data/raw/blocksworld/generated_domain.pddl - data/raw/blocksworld/generated_basic_longer_plan_len/instance-97.pddl.
2025-05-01 11:50:34,941 WARNING  [learning_to_plan.config:72] VAL output does not contain 'Plan valid' for plan 0 of task data/raw/blocksworld/generated_domain.pddl - data/raw/blocksworld/generated_basic_longer_plan_len/instance-71.pddl.
2025-05-01 11:50:34,948 WARNING  [learning_to_plan.config:72] VAL output does not contain 'Plan valid' for plan 0 of task data/raw/blocksworld/generated_domain.pddl - data/raw/blocksworld/generated_basic_longer_plan_len/instance-115.pddl.
2025-05-01 11:50:34,955 WARNING  [learning_to_plan.config:72] VAL output does not contain 'Plan valid' for plan 0 of task data/raw/blocksworld/generated_domain.pddl - data/raw/blocksworld/generated_basic/instance-2107.pddl.
2025-05-01 11:50:34,963 WARNING  [learning_to_plan.config:72] VAL output does not contain 'Plan valid' for plan 0 of task data/raw/blocksworld/generated_domain.pddl - data/raw/blocksworld/generated_basic/instance-1451.pddl.
2025-05-01 11:50:34,970 WARNING  [learning_to_plan.config:72] VAL output does not contain 'Plan valid' for plan 0 of task data/raw/blocksworld/generated_domain.pddl - data/raw/blocksworld/generated_basic_longer_plan_len/instance-100.pddl.
2025-05-01 11:50:34,978 WARNING  [learning_to_plan.config:72] VAL output does not contain 'Plan valid' for plan 0 of task data/raw/blocksworld/generated_domain.pddl - data/raw/blocksworld/generated_basic_longer_plan_len/instance-142.pddl.
2025-05-01 11:50:34,985 WARNING  [learning_to_plan.config:72] VAL output does not contain 'Plan valid' for plan 0 of task data/raw/blocksworld/generated_domain.pddl - data/raw/blocksworld/generated_basic/instance-4139.pddl.
2025-05-01 11:50:34,992 WARNING  [learning_to_plan.config:72] VAL output does not contain 'Plan valid' for plan 0 of task data/raw/blocksworld/generated_domain.pddl - data/raw/blocksworld/generated_basic_longer_plan_len/instance-37.pddl.
2025-05-01 11:50:34,999 WARNING  [learning_to_plan.config:72] VAL output does not contain 'Plan valid' for plan 0 of task data/raw/blocksworld/generated_domain.pddl - data/raw/blocksworld/generated_basic_longer_plan_len/instance-179.pddl.
2025-05-01 11:50:35,006 WARNING  [learning_to_plan.config:72] VAL output does not contain 'Plan valid' for plan 0 of task data/raw/blocksworld/generated_domain.pddl - data/raw/blocksworld/generated_basic/instance-3594.pddl.
2025-05-01 11:50:35,014 WARNING  [learning_to_plan.config:72] VAL output does not contain 'Plan valid' for plan 0 of task data/raw/blocksworld/generated_domain.pddl - data/raw/blocksworld/generated_basic/instance-408.pddl.
2025-05-01 11:50:35,021 WARNING  [learning_to_plan.config:72] VAL output does not contain 'Plan valid' for plan 0 of task data/raw/blocksworld/generated_domain.pddl - data/raw/blocksworld/generated_basic_longer_plan_len/instance-11.pddl.
2025-05-01 11:50:35,028 WARNING  [learning_to_plan.config:72] VAL output does not contain 'Plan valid' for plan 0 of task data/raw/blocksworld/generated_domain.pddl - data/raw/blocksworld/generated_basic/instance-2649.pddl.
2025-05-01 11:50:35,035 WARNING  [learning_to_plan.config:72] VAL output does not contain 'Plan valid' for plan 0 of task data/raw/blocksworld/generated_domain.pddl - data/raw/blocksworld/generated_basic_longer_plan_len/instance-42.pddl.
2025-05-01 11:50:35,042 WARNING  [learning_to_plan.config:72] VAL output does not contain 'Plan valid' for plan 0 of task data/raw/blocksworld/generated_domain.pddl - data/raw/blocksworld/generated_basic_longer_plan_len/instance-4.pddl.
2025-05-01 11:50:35,049 WARNING  [learning_to_plan.config:72] VAL output does not contain 'Plan valid' for plan 0 of task data/raw/blocksworld/generated_domain.pddl - data/raw/blocksworld/generated_basic/instance-1242.pddl.
2025-05-01 11:50:35,056 WARNING  [learning_to_plan.config:72] VAL output does not contain 'Plan valid' for plan 0 of task data/raw/blocksworld/generated_domain.pddl - data/raw/blocksworld/generated_basic/instance-1038.pddl.
2025-05-01 11:50:35,063 WARNING  [learning_to_plan.config:72] VAL output does not contain 'Plan valid' for plan 0 of task data/raw/blocksworld/generated_domain.pddl - data/raw/blocksworld/generated_basic/instance-755.pddl.
2025-05-01 11:50:35,071 WARNING  [learning_to_plan.config:72] VAL output does not contain 'Plan valid' for plan 0 of task data/raw/blocksworld/generated_domain.pddl - data/raw/blocksworld/generated_basic/instance-4047.pddl.
2025-05-01 11:50:35,079 WARNING  [learning_to_plan.config:72] VAL output does not contain 'Plan valid' for plan 0 of task data/raw/blocksworld/generated_domain.pddl - data/raw/blocksworld/generated_basic_longer_plan_len/instance-85.pddl.
2025-05-01 11:50:35,085 WARNING  [learning_to_plan.config:72] VAL output does not contain 'Plan valid' for plan 0 of task data/raw/blocksworld/generated_domain.pddl - data/raw/blocksworld/generated_basic/instance-2104.pddl.
2025-05-01 11:50:35,093 WARNING  [learning_to_plan.config:72] VAL output does not contain 'Plan valid' for plan 0 of task data/raw/blocksworld/generated_domain.pddl - data/raw/blocksworld/generated_basic/instance-1407.pddl.
2025-05-01 11:50:35,100 WARNING  [learning_to_plan.config:72] VAL output does not contain 'Plan valid' for plan 0 of task data/raw/blocksworld/generated_domain.pddl - data/raw/blocksworld/generated_basic/instance-120.pddl.
2025-05-01 11:50:35,107 WARNING  [learning_to_plan.config:72] VAL output does not contain 'Plan valid' for plan 0 of task data/raw/blocksworld/generated_domain.pddl - data/raw/blocksworld/generated_basic/instance-2478.pddl.
2025-05-01 11:50:35,114 WARNING  [learning_to_plan.config:72] VAL output does not contain 'Plan valid' for plan 0 of task data/raw/blocksworld/generated_domain.pddl - data/raw/blocksworld/generated_basic/instance-2279.pddl.
2025-05-01 11:50:35,121 WARNING  [learning_to_plan.config:72] VAL output does not contain 'Plan valid' for plan 0 of task data/raw/blocksworld/generated_domain.pddl - data/raw/blocksworld/generated_basic_longer_plan_len/instance-131.pddl.
2025-05-01 11:50:35,128 WARNING  [learning_to_plan.config:72] VAL output does not contain 'Plan valid' for plan 0 of task data/raw/blocksworld/generated_domain.pddl - data/raw/blocksworld/generated_basic_longer_plan_len/instance-112.pddl.
2025-05-01 11:50:35,135 WARNING  [learning_to_plan.config:72] VAL output does not contain 'Plan valid' for plan 0 of task data/raw/blocksworld/generated_domain.pddl - data/raw/blocksworld/generated_basic/instance-468.pddl.
2025-05-01 11:50:35,144 WARNING  [learning_to_plan.config:72] VAL output does not contain 'Plan valid' for plan 0 of task data/raw/blocksworld/generated_domain.pddl - data/raw/blocksworld/generated_basic/instance-2624.pddl.
2025-05-01 11:50:35,151 WARNING  [learning_to_plan.config:72] VAL output does not contain 'Plan valid' for plan 0 of task data/raw/blocksworld/generated_domain.pddl - data/raw/blocksworld/generated_basic_longer_plan_len/instance-117.pddl.
2025-05-01 11:50:35,158 WARNING  [learning_to_plan.config:72] VAL output does not contain 'Plan valid' for plan 0 of task data/raw/blocksworld/generated_domain.pddl - data/raw/blocksworld/generated_basic/instance-3292.pddl.
2025-05-01 11:50:35,165 WARNING  [learning_to_plan.config:72] VAL output does not contain 'Plan valid' for plan 0 of task data/raw/blocksworld/generated_domain.pddl - data/raw/blocksworld/generated_basic_longer_plan_len/instance-110.pddl.
2025-05-01 11:50:35,172 WARNING  [learning_to_plan.config:72] VAL output does not contain 'Plan valid' for plan 0 of task data/raw/blocksworld/generated_domain.pddl - data/raw/blocksworld/generated_basic_longer_plan_len/instance-120.pddl.
2025-05-01 11:50:35,180 WARNING  [learning_to_plan.config:72] VAL output does not contain 'Plan valid' for plan 0 of task data/raw/blocksworld/generated_domain.pddl - data/raw/blocksworld/generated_basic/instance-818.pddl.
2025-05-01 11:50:35,186 WARNING  [learning_to_plan.config:72] VAL output does not contain 'Plan valid' for plan 0 of task data/raw/blocksworld/generated_domain.pddl - data/raw/blocksworld/generated_basic/instance-3043.pddl.
2025-05-01 11:50:35,194 WARNING  [learning_to_plan.config:72] VAL output does not contain 'Plan valid' for plan 0 of task data/raw/blocksworld/generated_domain.pddl - data/raw/blocksworld/generated_basic/instance-2182.pddl.
2025-05-01 11:50:35,201 WARNING  [learning_to_plan.config:72] VAL output does not contain 'Plan valid' for plan 0 of task data/raw/blocksworld/generated_domain.pddl - data/raw/blocksworld/generated_basic/instance-2510.pddl.
2025-05-01 11:50:35,209 WARNING  [learning_to_plan.config:72] VAL output does not contain 'Plan valid' for plan 0 of task data/raw/blocksworld/generated_domain.pddl - data/raw/blocksworld/generated_basic_longer_plan_len/instance-137.pddl.
2025-05-01 11:50:35,216 WARNING  [learning_to_plan.config:72] VAL output does not contain 'Plan valid' for plan 0 of task data/raw/blocksworld/generated_domain.pddl - data/raw/blocksworld/generated_basic_longer_plan_len/instance-168.pddl.
2025-05-01 11:50:35,222 WARNING  [learning_to_plan.config:72] VAL output does not contain 'Plan valid' for plan 0 of task data/raw/blocksworld/generated_domain.pddl - data/raw/blocksworld/generated_basic/instance-1213.pddl.
2025-05-01 11:50:35,232 WARNING  [learning_to_plan.config:72] VAL output does not contain 'Plan valid' for plan 0 of task data/raw/blocksworld/generated_domain.pddl - data/raw/blocksworld/generated_basic_longer_plan_len/instance-86.pddl.
2025-05-01 11:50:35,240 WARNING  [learning_to_plan.config:72] VAL output does not contain 'Plan valid' for plan 0 of task data/raw/blocksworld/generated_domain.pddl - data/raw/blocksworld/generated_basic_longer_plan_len/instance-155.pddl.
2025-05-01 11:50:35,248 WARNING  [learning_to_plan.config:72] VAL output does not contain 'Plan valid' for plan 0 of task data/raw/blocksworld/generated_domain.pddl - data/raw/blocksworld/generated_basic_longer_plan_len/instance-183.pddl.
2025-05-01 11:50:35,256 WARNING  [learning_to_plan.config:72] VAL output does not contain 'Plan valid' for plan 0 of task data/raw/blocksworld/generated_domain.pddl - data/raw/blocksworld/generated_basic_longer_plan_len/instance-8.pddl.
2025-05-01 11:50:35,264 WARNING  [learning_to_plan.config:72] VAL output does not contain 'Plan valid' for plan 0 of task data/raw/blocksworld/generated_domain.pddl - data/raw/blocksworld/generated_basic/instance-2439.pddl.
2025-05-01 11:50:35,272 WARNING  [learning_to_plan.config:72] VAL output does not contain 'Plan valid' for plan 0 of task data/raw/blocksworld/generated_domain.pddl - data/raw/blocksworld/generated_basic_longer_plan_len/instance-149.pddl.
2025-05-01 11:50:35,280 WARNING  [learning_to_plan.config:72] VAL output does not contain 'Plan valid' for plan 0 of task data/raw/blocksworld/generated_domain.pddl - data/raw/blocksworld/generated_basic/instance-229.pddl.
2025-05-01 11:50:35,287 WARNING  [learning_to_plan.config:72] VAL output does not contain 'Plan valid' for plan 0 of task data/raw/blocksworld/generated_domain.pddl - data/raw/blocksworld/generated_basic/instance-2545.pddl.
2025-05-01 11:50:35,295 WARNING  [learning_to_plan.config:72] VAL output does not contain 'Plan valid' for plan 0 of task data/raw/blocksworld/generated_domain.pddl - data/raw/blocksworld/generated_basic/instance-3407.pddl.
2025-05-01 11:50:35,302 WARNING  [learning_to_plan.config:72] VAL output does not contain 'Plan valid' for plan 0 of task data/raw/blocksworld/generated_domain.pddl - data/raw/blocksworld/generated_basic_longer_plan_len/instance-104.pddl.
2025-05-01 11:50:35,309 WARNING  [learning_to_plan.config:72] VAL output does not contain 'Plan valid' for plan 0 of task data/raw/blocksworld/generated_domain.pddl - data/raw/blocksworld/generated_basic/instance-691.pddl.
2025-05-01 11:50:35,316 WARNING  [learning_to_plan.config:72] VAL output does not contain 'Plan valid' for plan 0 of task data/raw/blocksworld/generated_domain.pddl - data/raw/blocksworld/generated_basic_longer_plan_len/instance-27.pddl.
2025-05-01 11:50:35,323 WARNING  [learning_to_plan.config:72] VAL output does not contain 'Plan valid' for plan 0 of task data/raw/blocksworld/generated_domain.pddl - data/raw/blocksworld/generated_basic/instance-3127.pddl.
2025-05-01 11:50:35,331 WARNING  [learning_to_plan.config:72] VAL output does not contain 'Plan valid' for plan 0 of task data/raw/blocksworld/generated_domain.pddl - data/raw/blocksworld/generated_basic/instance-3539.pddl.
2025-05-01 11:50:35,338 WARNING  [learning_to_plan.config:72] VAL output does not contain 'Plan valid' for plan 0 of task data/raw/blocksworld/generated_domain.pddl - data/raw/blocksworld/generated_basic/instance-2804.pddl.
2025-05-01 11:50:35,346 WARNING  [learning_to_plan.config:72] VAL output does not contain 'Plan valid' for plan 0 of task data/raw/blocksworld/generated_domain.pddl - data/raw/blocksworld/generated_basic_longer_plan_len/instance-135.pddl.
2025-05-01 11:50:35,353 WARNING  [learning_to_plan.config:72] VAL output does not contain 'Plan valid' for plan 0 of task data/raw/blocksworld/generated_domain.pddl - data/raw/blocksworld/generated_basic/instance-2653.pddl.
2025-05-01 11:50:35,361 WARNING  [learning_to_plan.config:72] VAL output does not contain 'Plan valid' for plan 0 of task data/raw/blocksworld/generated_domain.pddl - data/raw/blocksworld/generated_basic/instance-1491.pddl.
2025-05-01 11:50:35,369 WARNING  [learning_to_plan.config:72] VAL output does not contain 'Plan valid' for plan 0 of task data/raw/blocksworld/generated_domain.pddl - data/raw/blocksworld/generated_basic/instance-857.pddl.
2025-05-01 11:50:35,376 WARNING  [learning_to_plan.config:72] VAL output does not contain 'Plan valid' for plan 0 of task data/raw/blocksworld/generated_domain.pddl - data/raw/blocksworld/generated_basic/instance-214.pddl.
2025-05-01 11:50:35,383 WARNING  [learning_to_plan.config:72] VAL output does not contain 'Plan valid' for plan 0 of task data/raw/blocksworld/generated_domain.pddl - data/raw/blocksworld/generated_basic_longer_plan_len/instance-113.pddl.
2025-05-01 11:50:35,391 WARNING  [learning_to_plan.config:72] VAL output does not contain 'Plan valid' for plan 0 of task data/raw/blocksworld/generated_domain.pddl - data/raw/blocksworld/generated_basic_longer_plan_len/instance-161.pddl.
2025-05-01 11:50:35,399 WARNING  [learning_to_plan.config:72] VAL output does not contain 'Plan valid' for plan 0 of task data/raw/blocksworld/generated_domain.pddl - data/raw/blocksworld/generated_basic_longer_plan_len/instance-9.pddl.
2025-05-01 11:50:35,408 WARNING  [learning_to_plan.config:72] VAL output does not contain 'Plan valid' for plan 0 of task data/raw/blocksworld/generated_domain.pddl - data/raw/blocksworld/generated_basic_longer_plan_len/instance-68.pddl.
2025-05-01 11:50:35,415 WARNING  [learning_to_plan.config:72] VAL output does not contain 'Plan valid' for plan 0 of task data/raw/blocksworld/generated_domain.pddl - data/raw/blocksworld/generated_basic/instance-2760.pddl.
2025-05-01 11:50:35,423 WARNING  [learning_to_plan.config:72] VAL output does not contain 'Plan valid' for plan 0 of task data/raw/blocksworld/generated_domain.pddl - data/raw/blocksworld/generated_basic_longer_plan_len/instance-48.pddl.
2025-05-01 11:50:35,430 WARNING  [learning_to_plan.config:72] VAL output does not contain 'Plan valid' for plan 0 of task data/raw/blocksworld/generated_domain.pddl - data/raw/blocksworld/generated_basic/instance-2698.pddl.
2025-05-01 11:50:35,437 WARNING  [learning_to_plan.config:72] VAL output does not contain 'Plan valid' for plan 0 of task data/raw/blocksworld/generated_domain.pddl - data/raw/blocksworld/generated_basic/instance-3198.pddl.
2025-05-01 11:50:35,445 WARNING  [learning_to_plan.config:72] VAL output does not contain 'Plan valid' for plan 0 of task data/raw/blocksworld/generated_domain.pddl - data/raw/blocksworld/generated_basic_longer_plan_len/instance-174.pddl.
2025-05-01 11:50:35,451 WARNING  [learning_to_plan.config:72] VAL output does not contain 'Plan valid' for plan 0 of task data/raw/blocksworld/generated_domain.pddl - data/raw/blocksworld/generated_basic_longer_plan_len/instance-184.pddl.
2025-05-01 11:50:35,458 WARNING  [learning_to_plan.config:72] VAL output does not contain 'Plan valid' for plan 0 of task data/raw/blocksworld/generated_domain.pddl - data/raw/blocksworld/generated_basic/instance-3697.pddl.
2025-05-01 11:50:35,466 WARNING  [learning_to_plan.config:72] VAL output does not contain 'Plan valid' for plan 0 of task data/raw/blocksworld/generated_domain.pddl - data/raw/blocksworld/generated_basic/instance-594.pddl.
2025-05-01 11:50:35,473 WARNING  [learning_to_plan.config:72] VAL output does not contain 'Plan valid' for plan 0 of task data/raw/blocksworld/generated_domain.pddl - data/raw/blocksworld/generated_basic_longer_plan_len/instance-180.pddl.
2025-05-01 11:50:35,480 WARNING  [learning_to_plan.config:72] VAL output does not contain 'Plan valid' for plan 0 of task data/raw/blocksworld/generated_domain.pddl - data/raw/blocksworld/generated_basic/instance-3173.pddl.
2025-05-01 11:50:35,487 WARNING  [learning_to_plan.config:72] VAL output does not contain 'Plan valid' for plan 0 of task data/raw/blocksworld/generated_domain.pddl - data/raw/blocksworld/generated_basic/instance-2037.pddl.
2025-05-01 11:50:35,494 WARNING  [learning_to_plan.config:72] VAL output does not contain 'Plan valid' for plan 0 of task data/raw/blocksworld/generated_domain.pddl - data/raw/blocksworld/generated_basic/instance-144.pddl.
2025-05-01 11:50:35,502 WARNING  [learning_to_plan.config:72] VAL output does not contain 'Plan valid' for plan 0 of task data/raw/blocksworld/generated_domain.pddl - data/raw/blocksworld/generated_basic/instance-3215.pddl.
2025-05-01 11:50:35,509 WARNING  [learning_to_plan.config:72] VAL output does not contain 'Plan valid' for plan 0 of task data/raw/blocksworld/generated_domain.pddl - data/raw/blocksworld/generated_basic_longer_plan_len/instance-116.pddl.
2025-05-01 11:50:35,516 WARNING  [learning_to_plan.config:72] VAL output does not contain 'Plan valid' for plan 0 of task data/raw/blocksworld/generated_domain.pddl - data/raw/blocksworld/generated_basic/instance-3916.pddl.
2025-05-01 11:50:35,523 WARNING  [learning_to_plan.config:72] VAL output does not contain 'Plan valid' for plan 0 of task data/raw/blocksworld/generated_domain.pddl - data/raw/blocksworld/generated_basic_longer_plan_len/instance-84.pddl.
2025-05-01 11:50:35,530 WARNING  [learning_to_plan.config:72] VAL output does not contain 'Plan valid' for plan 0 of task data/raw/blocksworld/generated_domain.pddl - data/raw/blocksworld/generated_basic/instance-1945.pddl.
2025-05-01 11:50:35,538 WARNING  [learning_to_plan.config:72] VAL output does not contain 'Plan valid' for plan 0 of task data/raw/blocksworld/generated_domain.pddl - data/raw/blocksworld/generated_basic_longer_plan_len/instance-90.pddl.
2025-05-01 11:50:35,545 WARNING  [learning_to_plan.config:72] VAL output does not contain 'Plan valid' for plan 0 of task data/raw/blocksworld/generated_domain.pddl - data/raw/blocksworld/generated_basic_longer_plan_len/instance-148.pddl.
2025-05-01 11:50:35,552 WARNING  [learning_to_plan.config:72] VAL output does not contain 'Plan valid' for plan 0 of task data/raw/blocksworld/generated_domain.pddl - data/raw/blocksworld/generated_basic/instance-1972.pddl.
2025-05-01 11:50:35,559 WARNING  [learning_to_plan.config:72] VAL output does not contain 'Plan valid' for plan 0 of task data/raw/blocksworld/generated_domain.pddl - data/raw/blocksworld/generated_basic_longer_plan_len/instance-49.pddl.
2025-05-01 11:50:35,566 WARNING  [learning_to_plan.config:72] VAL output does not contain 'Plan valid' for plan 0 of task data/raw/blocksworld/generated_domain.pddl - data/raw/blocksworld/generated_basic_longer_plan_len/instance-194.pddl.
2025-05-01 11:50:35,573 WARNING  [learning_to_plan.config:72] VAL output does not contain 'Plan valid' for plan 0 of task data/raw/blocksworld/generated_domain.pddl - data/raw/blocksworld/generated_basic_longer_plan_len/instance-124.pddl.
2025-05-01 11:50:35,580 WARNING  [learning_to_plan.config:72] VAL output does not contain 'Plan valid' for plan 0 of task data/raw/blocksworld/generated_domain.pddl - data/raw/blocksworld/generated_basic_longer_plan_len/instance-160.pddl.
2025-05-01 11:50:35,587 WARNING  [learning_to_plan.config:72] VAL output does not contain 'Plan valid' for plan 0 of task data/raw/blocksworld/generated_domain.pddl - data/raw/blocksworld/generated_basic/instance-1288.pddl.
2025-05-01 11:50:35,595 WARNING  [learning_to_plan.config:72] VAL output does not contain 'Plan valid' for plan 0 of task data/raw/blocksworld/generated_domain.pddl - data/raw/blocksworld/generated_basic/instance-2131.pddl.
2025-05-01 11:50:35,602 WARNING  [learning_to_plan.config:72] VAL output does not contain 'Plan valid' for plan 0 of task data/raw/blocksworld/generated_domain.pddl - data/raw/blocksworld/generated_basic/instance-4101.pddl.
2025-05-01 11:50:35,609 WARNING  [learning_to_plan.config:72] VAL output does not contain 'Plan valid' for plan 0 of task data/raw/blocksworld/generated_domain.pddl - data/raw/blocksworld/generated_basic/instance-1869.pddl.
2025-05-01 11:50:35,616 WARNING  [learning_to_plan.config:72] VAL output does not contain 'Plan valid' for plan 0 of task data/raw/blocksworld/generated_domain.pddl - data/raw/blocksworld/generated_basic/instance-803.pddl.
2025-05-01 11:50:35,623 WARNING  [learning_to_plan.config:72] VAL output does not contain 'Plan valid' for plan 0 of task data/raw/blocksworld/generated_domain.pddl - data/raw/blocksworld/generated_basic/instance-2726.pddl.
2025-05-01 11:50:35,630 WARNING  [learning_to_plan.config:72] VAL output does not contain 'Plan valid' for plan 0 of task data/raw/blocksworld/generated_domain.pddl - data/raw/blocksworld/generated_basic_longer_plan_len/instance-177.pddl.
2025-05-01 11:50:35,637 WARNING  [learning_to_plan.config:72] VAL output does not contain 'Plan valid' for plan 0 of task data/raw/blocksworld/generated_domain.pddl - data/raw/blocksworld/generated_basic_longer_plan_len/instance-186.pddl.
2025-05-01 11:50:35,644 WARNING  [learning_to_plan.config:72] VAL output does not contain 'Plan valid' for plan 0 of task data/raw/blocksworld/generated_domain.pddl - data/raw/blocksworld/generated_basic/instance-463.pddl.
2025-05-01 11:50:35,650 WARNING  [learning_to_plan.config:72] VAL output does not contain 'Plan valid' for plan 0 of task data/raw/blocksworld/generated_domain.pddl - data/raw/blocksworld/generated_basic/instance-2005.pddl.
2025-05-01 11:50:35,658 WARNING  [learning_to_plan.config:72] VAL output does not contain 'Plan valid' for plan 0 of task data/raw/blocksworld/generated_domain.pddl - data/raw/blocksworld/generated_basic_longer_plan_len/instance-128.pddl.
2025-05-01 11:50:35,664 WARNING  [learning_to_plan.config:72] VAL output does not contain 'Plan valid' for plan 0 of task data/raw/blocksworld/generated_domain.pddl - data/raw/blocksworld/generated_basic_longer_plan_len/instance-156.pddl.
2025-05-01 11:50:35,671 WARNING  [learning_to_plan.config:72] VAL output does not contain 'Plan valid' for plan 0 of task data/raw/blocksworld/generated_domain.pddl - data/raw/blocksworld/generated_basic_longer_plan_len/instance-67.pddl.
2025-05-01 11:50:35,679 WARNING  [learning_to_plan.config:72] VAL output does not contain 'Plan valid' for plan 0 of task data/raw/blocksworld/generated_domain.pddl - data/raw/blocksworld/generated_basic/instance-1175.pddl.
2025-05-01 11:50:35,686 WARNING  [learning_to_plan.config:72] VAL output does not contain 'Plan valid' for plan 0 of task data/raw/blocksworld/generated_domain.pddl - data/raw/blocksworld/generated_basic/instance-1323.pddl.
2025-05-01 11:50:35,693 WARNING  [learning_to_plan.config:72] VAL output does not contain 'Plan valid' for plan 0 of task data/raw/blocksworld/generated_domain.pddl - data/raw/blocksworld/generated_basic/instance-1532.pddl.
2025-05-01 11:50:35,700 WARNING  [learning_to_plan.config:72] VAL output does not contain 'Plan valid' for plan 0 of task data/raw/blocksworld/generated_domain.pddl - data/raw/blocksworld/generated_basic/instance-3760.pddl.
2025-05-01 11:50:35,707 WARNING  [learning_to_plan.config:72] VAL output does not contain 'Plan valid' for plan 0 of task data/raw/blocksworld/generated_domain.pddl - data/raw/blocksworld/generated_basic_longer_plan_len/instance-176.pddl.
2025-05-01 11:50:35,713 WARNING  [learning_to_plan.config:72] VAL output does not contain 'Plan valid' for plan 0 of task data/raw/blocksworld/generated_domain.pddl - data/raw/blocksworld/generated_basic/instance-1356.pddl.
2025-05-01 11:50:35,720 WARNING  [learning_to_plan.config:72] VAL output does not contain 'Plan valid' for plan 0 of task data/raw/blocksworld/generated_domain.pddl - data/raw/blocksworld/generated_basic_longer_plan_len/instance-17.pddl.
2025-05-01 11:50:35,726 WARNING  [learning_to_plan.config:72] VAL output does not contain 'Plan valid' for plan 0 of task data/raw/blocksworld/generated_domain.pddl - data/raw/blocksworld/generated_basic/instance-414.pddl.
2025-05-01 11:50:35,733 WARNING  [learning_to_plan.config:72] VAL output does not contain 'Plan valid' for plan 0 of task data/raw/blocksworld/generated_domain.pddl - data/raw/blocksworld/generated_basic/instance-3775.pddl.
2025-05-01 11:50:35,740 WARNING  [learning_to_plan.config:72] VAL output does not contain 'Plan valid' for plan 0 of task data/raw/blocksworld/generated_domain.pddl - data/raw/blocksworld/generated_basic/instance-3341.pddl.
2025-05-01 11:50:35,747 WARNING  [learning_to_plan.config:72] VAL output does not contain 'Plan valid' for plan 0 of task data/raw/blocksworld/generated_domain.pddl - data/raw/blocksworld/generated_basic_longer_plan_len/instance-178.pddl.
2025-05-01 11:50:35,753 WARNING  [learning_to_plan.config:72] VAL output does not contain 'Plan valid' for plan 0 of task data/raw/blocksworld/generated_domain.pddl - data/raw/blocksworld/generated_basic/instance-1670.pddl.
2025-05-01 11:50:35,760 WARNING  [learning_to_plan.config:72] VAL output does not contain 'Plan valid' for plan 0 of task data/raw/blocksworld/generated_domain.pddl - data/raw/blocksworld/generated_basic/instance-501.pddl.
2025-05-01 11:50:35,766 WARNING  [learning_to_plan.config:72] VAL output does not contain 'Plan valid' for plan 0 of task data/raw/blocksworld/generated_domain.pddl - data/raw/blocksworld/generated_basic/instance-56.pddl.
2025-05-01 11:50:35,773 WARNING  [learning_to_plan.config:72] VAL output does not contain 'Plan valid' for plan 0 of task data/raw/blocksworld/generated_domain.pddl - data/raw/blocksworld/generated_basic_longer_plan_len/instance-20.pddl.
2025-05-01 11:50:35,779 WARNING  [learning_to_plan.config:72] VAL output does not contain 'Plan valid' for plan 0 of task data/raw/blocksworld/generated_domain.pddl - data/raw/blocksworld/generated_basic/instance-1110.pddl.
2025-05-01 11:50:35,786 WARNING  [learning_to_plan.config:72] VAL output does not contain 'Plan valid' for plan 0 of task data/raw/blocksworld/generated_domain.pddl - data/raw/blocksworld/generated_basic/instance-2880.pddl.
2025-05-01 11:50:35,793 WARNING  [learning_to_plan.config:72] VAL output does not contain 'Plan valid' for plan 0 of task data/raw/blocksworld/generated_domain.pddl - data/raw/blocksworld/generated_basic_longer_plan_len/instance-28.pddl.
2025-05-01 11:50:35,800 WARNING  [learning_to_plan.config:72] VAL output does not contain 'Plan valid' for plan 0 of task data/raw/blocksworld/generated_domain.pddl - data/raw/blocksworld/generated_basic/instance-2578.pddl.
2025-05-01 11:50:35,807 WARNING  [learning_to_plan.config:72] VAL output does not contain 'Plan valid' for plan 0 of task data/raw/blocksworld/generated_domain.pddl - data/raw/blocksworld/generated_basic_longer_plan_len/instance-87.pddl.
2025-05-01 11:50:35,814 WARNING  [learning_to_plan.config:72] VAL output does not contain 'Plan valid' for plan 0 of task data/raw/blocksworld/generated_domain.pddl - data/raw/blocksworld/generated_basic_longer_plan_len/instance-146.pddl.
2025-05-01 11:50:35,821 WARNING  [learning_to_plan.config:72] VAL output does not contain 'Plan valid' for plan 0 of task data/raw/blocksworld/generated_domain.pddl - data/raw/blocksworld/generated_basic/instance-289.pddl.
2025-05-01 11:50:35,828 WARNING  [learning_to_plan.config:72] VAL output does not contain 'Plan valid' for plan 0 of task data/raw/blocksworld/generated_domain.pddl - data/raw/blocksworld/generated_basic/instance-4046.pddl.
2025-05-01 11:50:35,834 WARNING  [learning_to_plan.config:72] VAL output does not contain 'Plan valid' for plan 0 of task data/raw/blocksworld/generated_domain.pddl - data/raw/blocksworld/generated_basic/instance-432.pddl.
2025-05-01 11:50:35,842 WARNING  [learning_to_plan.config:72] VAL output does not contain 'Plan valid' for plan 0 of task data/raw/blocksworld/generated_domain.pddl - data/raw/blocksworld/generated_basic_longer_plan_len/instance-111.pddl.
2025-05-01 11:50:35,850 WARNING  [learning_to_plan.config:72] VAL output does not contain 'Plan valid' for plan 0 of task data/raw/blocksworld/generated_domain.pddl - data/raw/blocksworld/generated_basic_longer_plan_len/instance-163.pddl.
2025-05-01 11:50:35,857 WARNING  [learning_to_plan.config:72] VAL output does not contain 'Plan valid' for plan 0 of task data/raw/blocksworld/generated_domain.pddl - data/raw/blocksworld/generated_basic/instance-3114.pddl.
2025-05-01 11:50:35,865 WARNING  [learning_to_plan.config:72] VAL output does not contain 'Plan valid' for plan 0 of task data/raw/blocksworld/generated_domain.pddl - data/raw/blocksworld/generated_basic/instance-1370.pddl.
2025-05-01 11:50:35,873 WARNING  [learning_to_plan.config:72] VAL output does not contain 'Plan valid' for plan 0 of task data/raw/blocksworld/generated_domain.pddl - data/raw/blocksworld/generated_basic_longer_plan_len/instance-169.pddl.
2025-05-01 11:50:35,882 WARNING  [learning_to_plan.config:72] VAL output does not contain 'Plan valid' for plan 0 of task data/raw/blocksworld/generated_domain.pddl - data/raw/blocksworld/generated_basic_longer_plan_len/instance-182.pddl.
2025-05-01 11:50:35,890 WARNING  [learning_to_plan.config:72] VAL output does not contain 'Plan valid' for plan 0 of task data/raw/blocksworld/generated_domain.pddl - data/raw/blocksworld/generated_basic_longer_plan_len/instance-118.pddl.
2025-05-01 11:50:35,899 WARNING  [learning_to_plan.config:72] VAL output does not contain 'Plan valid' for plan 0 of task data/raw/blocksworld/generated_domain.pddl - data/raw/blocksworld/generated_basic_longer_plan_len/instance-121.pddl.
2025-05-01 11:50:35,907 WARNING  [learning_to_plan.config:72] VAL output does not contain 'Plan valid' for plan 0 of task data/raw/blocksworld/generated_domain.pddl - data/raw/blocksworld/generated_basic_longer_plan_len/instance-35.pddl.
2025-05-01 11:50:35,914 WARNING  [learning_to_plan.config:72] VAL output does not contain 'Plan valid' for plan 0 of task data/raw/blocksworld/generated_domain.pddl - data/raw/blocksworld/generated_basic/instance-1056.pddl.
2025-05-01 11:50:35,921 WARNING  [learning_to_plan.config:72] VAL output does not contain 'Plan valid' for plan 0 of task data/raw/blocksworld/generated_domain.pddl - data/raw/blocksworld/generated_basic_longer_plan_len/instance-95.pddl.
2025-05-01 11:50:35,928 WARNING  [learning_to_plan.config:72] VAL output does not contain 'Plan valid' for plan 0 of task data/raw/blocksworld/generated_domain.pddl - data/raw/blocksworld/generated_basic_longer_plan_len/instance-103.pddl.
2025-05-01 11:50:35,935 WARNING  [learning_to_plan.config:72] VAL output does not contain 'Plan valid' for plan 0 of task data/raw/blocksworld/generated_domain.pddl - data/raw/blocksworld/generated_basic_longer_plan_len/instance-18.pddl.
2025-05-01 11:50:35,941 WARNING  [learning_to_plan.config:72] VAL output does not contain 'Plan valid' for plan 0 of task data/raw/blocksworld/generated_domain.pddl - data/raw/blocksworld/generated_basic/instance-2022.pddl.
2025-05-01 11:50:35,948 WARNING  [learning_to_plan.config:72] VAL output does not contain 'Plan valid' for plan 0 of task data/raw/blocksworld/generated_domain.pddl - data/raw/blocksworld/generated_basic_longer_plan_len/instance-129.pddl.
2025-05-01 11:50:35,955 WARNING  [learning_to_plan.config:72] VAL output does not contain 'Plan valid' for plan 0 of task data/raw/blocksworld/generated_domain.pddl - data/raw/blocksworld/generated_basic/instance-2256.pddl.
2025-05-01 11:50:35,962 WARNING  [learning_to_plan.config:72] VAL output does not contain 'Plan valid' for plan 0 of task data/raw/blocksworld/generated_domain.pddl - data/raw/blocksworld/generated_basic_longer_plan_len/instance-36.pddl.
2025-05-01 11:50:35,969 WARNING  [learning_to_plan.config:72] VAL output does not contain 'Plan valid' for plan 0 of task data/raw/blocksworld/generated_domain.pddl - data/raw/blocksworld/generated_basic/instance-1805.pddl.
2025-05-01 11:50:35,977 WARNING  [learning_to_plan.config:72] VAL output does not contain 'Plan valid' for plan 0 of task data/raw/blocksworld/generated_domain.pddl - data/raw/blocksworld/generated_basic_longer_plan_len/instance-94.pddl.
2025-05-01 11:50:35,983 WARNING  [learning_to_plan.config:72] VAL output does not contain 'Plan valid' for plan 0 of task data/raw/blocksworld/generated_domain.pddl - data/raw/blocksworld/generated_basic_longer_plan_len/instance-101.pddl.
2025-05-01 11:50:35,990 WARNING  [learning_to_plan.config:72] VAL output does not contain 'Plan valid' for plan 0 of task data/raw/blocksworld/generated_domain.pddl - data/raw/blocksworld/generated_basic_longer_plan_len/instance-140.pddl.
2025-05-01 11:50:35,997 WARNING  [learning_to_plan.config:72] VAL output does not contain 'Plan valid' for plan 0 of task data/raw/blocksworld/generated_domain.pddl - data/raw/blocksworld/generated_basic_longer_plan_len/instance-80.pddl.
2025-05-01 11:50:36,005 WARNING  [learning_to_plan.config:72] VAL output does not contain 'Plan valid' for plan 0 of task data/raw/blocksworld/generated_domain.pddl - data/raw/blocksworld/generated_basic_longer_plan_len/instance-195.pddl.
2025-05-01 11:50:36,011 WARNING  [learning_to_plan.config:72] VAL output does not contain 'Plan valid' for plan 0 of task data/raw/blocksworld/generated_domain.pddl - data/raw/blocksworld/generated_basic_longer_plan_len/instance-14.pddl.
2025-05-01 11:50:36,018 WARNING  [learning_to_plan.config:72] VAL output does not contain 'Plan valid' for plan 0 of task data/raw/blocksworld/generated_domain.pddl - data/raw/blocksworld/generated_basic_longer_plan_len/instance-164.pddl.
2025-05-01 11:50:36,025 WARNING  [learning_to_plan.config:72] VAL output does not contain 'Plan valid' for plan 0 of task data/raw/blocksworld/generated_domain.pddl - data/raw/blocksworld/generated_basic_longer_plan_len/instance-30.pddl.
2025-05-01 11:50:36,031 WARNING  [learning_to_plan.config:72] VAL output does not contain 'Plan valid' for plan 0 of task data/raw/blocksworld/generated_domain.pddl - data/raw/blocksworld/generated_basic_longer_plan_len/instance-88.pddl.
2025-05-01 11:50:36,038 WARNING  [learning_to_plan.config:72] VAL output does not contain 'Plan valid' for plan 0 of task data/raw/blocksworld/generated_domain.pddl - data/raw/blocksworld/generated_basic_longer_plan_len/instance-3.pddl.
2025-05-01 11:50:36,045 WARNING  [learning_to_plan.config:72] VAL output does not contain 'Plan valid' for plan 0 of task data/raw/blocksworld/generated_domain.pddl - data/raw/blocksworld/generated_basic_longer_plan_len/instance-143.pddl.
2025-05-01 11:50:36,051 WARNING  [learning_to_plan.config:72] VAL output does not contain 'Plan valid' for plan 0 of task data/raw/blocksworld/generated_domain.pddl - data/raw/blocksworld/generated_basic/instance-1533.pddl.
2025-05-01 11:50:36,058 WARNING  [learning_to_plan.config:72] VAL output does not contain 'Plan valid' for plan 0 of task data/raw/blocksworld/generated_domain.pddl - data/raw/blocksworld/generated_basic/instance-751.pddl.
2025-05-01 11:50:36,065 WARNING  [learning_to_plan.config:72] VAL output does not contain 'Plan valid' for plan 0 of task data/raw/blocksworld/generated_domain.pddl - data/raw/blocksworld/generated_basic/instance-1235.pddl.
2025-05-01 11:50:36,071 WARNING  [learning_to_plan.config:72] VAL output does not contain 'Plan valid' for plan 0 of task data/raw/blocksworld/generated_domain.pddl - data/raw/blocksworld/generated_basic/instance-790.pddl.
2025-05-01 11:50:36,078 WARNING  [learning_to_plan.config:72] VAL output does not contain 'Plan valid' for plan 0 of task data/raw/blocksworld/generated_domain.pddl - data/raw/blocksworld/generated_basic/instance-800.pddl.
2025-05-01 11:50:36,085 WARNING  [learning_to_plan.config:72] VAL output does not contain 'Plan valid' for plan 0 of task data/raw/blocksworld/generated_domain.pddl - data/raw/blocksworld/generated_basic_longer_plan_len/instance-171.pddl.
2025-05-01 11:50:36,093 WARNING  [learning_to_plan.config:72] VAL output does not contain 'Plan valid' for plan 0 of task data/raw/blocksworld/generated_domain.pddl - data/raw/blocksworld/generated_basic_longer_plan_len/instance-106.pddl.
2025-05-01 11:50:36,099 WARNING  [learning_to_plan.config:72] VAL output does not contain 'Plan valid' for plan 0 of task data/raw/blocksworld/generated_domain.pddl - data/raw/blocksworld/generated_basic/instance-1811.pddl.
2025-05-01 11:50:36,105 WARNING  [learning_to_plan.config:72] VAL output does not contain 'Plan valid' for plan 0 of task data/raw/blocksworld/generated_domain.pddl - data/raw/blocksworld/generated_basic/instance-439.pddl.
2025-05-01 11:50:36,112 WARNING  [learning_to_plan.config:72] VAL output does not contain 'Plan valid' for plan 0 of task data/raw/blocksworld/generated_domain.pddl - data/raw/blocksworld/generated_basic_longer_plan_len/instance-34.pddl.
2025-05-01 11:50:36,119 WARNING  [learning_to_plan.config:72] VAL output does not contain 'Plan valid' for plan 0 of task data/raw/blocksworld/generated_domain.pddl - data/raw/blocksworld/generated_basic_longer_plan_len/instance-73.pddl.
2025-05-01 11:50:36,126 WARNING  [learning_to_plan.config:72] VAL output does not contain 'Plan valid' for plan 0 of task data/raw/blocksworld/generated_domain.pddl - data/raw/blocksworld/generated_basic/instance-3964.pddl.
2025-05-01 11:50:36,133 WARNING  [learning_to_plan.config:72] VAL output does not contain 'Plan valid' for plan 0 of task data/raw/blocksworld/generated_domain.pddl - data/raw/blocksworld/generated_basic/instance-3815.pddl.
2025-05-01 11:50:36,139 WARNING  [learning_to_plan.config:72] VAL output does not contain 'Plan valid' for plan 0 of task data/raw/blocksworld/generated_domain.pddl - data/raw/blocksworld/generated_basic/instance-969.pddl.
2025-05-01 11:50:36,146 WARNING  [learning_to_plan.config:72] VAL output does not contain 'Plan valid' for plan 0 of task data/raw/blocksworld/generated_domain.pddl - data/raw/blocksworld/generated_basic_longer_plan_len/instance-102.pddl.
2025-05-01 11:50:36,153 WARNING  [learning_to_plan.config:72] VAL output does not contain 'Plan valid' for plan 0 of task data/raw/blocksworld/generated_domain.pddl - data/raw/blocksworld/generated_basic_longer_plan_len/instance-47.pddl.
2025-05-01 11:50:36,160 WARNING  [learning_to_plan.config:72] VAL output does not contain 'Plan valid' for plan 0 of task data/raw/blocksworld/generated_domain.pddl - data/raw/blocksworld/generated_basic_longer_plan_len/instance-52.pddl.
2025-05-01 11:50:36,166 WARNING  [learning_to_plan.config:72] VAL output does not contain 'Plan valid' for plan 0 of task data/raw/blocksworld/generated_domain.pddl - data/raw/blocksworld/generated_basic/instance-4180.pddl.
2025-05-01 11:50:36,173 WARNING  [learning_to_plan.config:72] VAL output does not contain 'Plan valid' for plan 0 of task data/raw/blocksworld/generated_domain.pddl - data/raw/blocksworld/generated_basic_longer_plan_len/instance-109.pddl.
2025-05-01 11:50:36,180 WARNING  [learning_to_plan.config:72] VAL output does not contain 'Plan valid' for plan 0 of task data/raw/blocksworld/generated_domain.pddl - data/raw/blocksworld/generated_basic_longer_plan_len/instance-181.pddl.
2025-05-01 11:50:36,189 WARNING  [learning_to_plan.config:72] VAL output does not contain 'Plan valid' for plan 0 of task data/raw/blocksworld/generated_domain.pddl - data/raw/blocksworld/generated_basic/instance-1152.pddl.
2025-05-01 11:50:36,196 WARNING  [learning_to_plan.config:72] VAL output does not contain 'Plan valid' for plan 0 of task data/raw/blocksworld/generated_domain.pddl - data/raw/blocksworld/generated_basic/instance-4163.pddl.
2025-05-01 11:50:36,203 WARNING  [learning_to_plan.config:72] VAL output does not contain 'Plan valid' for plan 0 of task data/raw/blocksworld/generated_domain.pddl - data/raw/blocksworld/generated_basic_longer_plan_len/instance-93.pddl.
2025-05-01 11:50:36,210 WARNING  [learning_to_plan.config:72] VAL output does not contain 'Plan valid' for plan 0 of task data/raw/blocksworld/generated_domain.pddl - data/raw/blocksworld/generated_basic/instance-2801.pddl.
2025-05-01 11:50:36,215 WARNING  [learning_to_plan.config:72] VAL output does not contain 'Plan valid' for plan 0 of task data/raw/blocksworld/generated_domain.pddl - data/raw/blocksworld/generated_basic/instance-1366.pddl.
2025-05-01 11:50:36,222 WARNING  [learning_to_plan.config:72] VAL output does not contain 'Plan valid' for plan 0 of task data/raw/blocksworld/generated_domain.pddl - data/raw/blocksworld/generated_basic_longer_plan_len/instance-5.pddl.
2025-05-01 11:50:36,229 WARNING  [learning_to_plan.config:72] VAL output does not contain 'Plan valid' for plan 0 of task data/raw/blocksworld/generated_domain.pddl - data/raw/blocksworld/generated_basic_longer_plan_len/instance-153.pddl.
2025-05-01 11:50:36,235 WARNING  [learning_to_plan.config:72] VAL output does not contain 'Plan valid' for plan 0 of task data/raw/blocksworld/generated_domain.pddl - data/raw/blocksworld/generated_basic/instance-2230.pddl.
2025-05-01 11:50:36,242 WARNING  [learning_to_plan.config:72] VAL output does not contain 'Plan valid' for plan 0 of task data/raw/blocksworld/generated_domain.pddl - data/raw/blocksworld/generated_basic/instance-3725.pddl.
2025-05-01 11:50:36,250 WARNING  [learning_to_plan.config:72] VAL output does not contain 'Plan valid' for plan 0 of task data/raw/blocksworld/generated_domain.pddl - data/raw/blocksworld/generated_basic_longer_plan_len/instance-165.pddl.
2025-05-01 11:50:36,259 WARNING  [learning_to_plan.config:72] VAL output does not contain 'Plan valid' for plan 0 of task data/raw/blocksworld/generated_domain.pddl - data/raw/blocksworld/generated_basic_longer_plan_len/instance-77.pddl.
2025-05-01 11:50:36,267 WARNING  [learning_to_plan.config:72] VAL output does not contain 'Plan valid' for plan 0 of task data/raw/blocksworld/generated_domain.pddl - data/raw/blocksworld/generated_basic_longer_plan_len/instance-82.pddl.
2025-05-01 11:50:36,275 WARNING  [learning_to_plan.config:72] VAL output does not contain 'Plan valid' for plan 0 of task data/raw/blocksworld/generated_domain.pddl - data/raw/blocksworld/generated_basic_longer_plan_len/instance-22.pddl.
2025-05-01 11:50:36,282 WARNING  [learning_to_plan.config:72] VAL output does not contain 'Plan valid' for plan 0 of task data/raw/blocksworld/generated_domain.pddl - data/raw/blocksworld/generated_basic_longer_plan_len/instance-55.pddl.
2025-05-01 11:50:36,289 WARNING  [learning_to_plan.config:72] VAL output does not contain 'Plan valid' for plan 0 of task data/raw/blocksworld/generated_domain.pddl - data/raw/blocksworld/generated_basic_longer_plan_len/instance-21.pddl.
2025-05-01 11:50:36,297 WARNING  [learning_to_plan.config:72] VAL output does not contain 'Plan valid' for plan 0 of task data/raw/blocksworld/generated_domain.pddl - data/raw/blocksworld/generated_basic/instance-2707.pddl.
2025-05-01 11:50:36,304 WARNING  [learning_to_plan.config:72] VAL output does not contain 'Plan valid' for plan 0 of task data/raw/blocksworld/generated_domain.pddl - data/raw/blocksworld/generated_basic_longer_plan_len/instance-7.pddl.
2025-05-01 11:50:36,312 WARNING  [learning_to_plan.config:72] VAL output does not contain 'Plan valid' for plan 0 of task data/raw/blocksworld/generated_domain.pddl - data/raw/blocksworld/generated_basic/instance-2985.pddl.
2025-05-01 11:50:36,319 WARNING  [learning_to_plan.config:72] VAL output does not contain 'Plan valid' for plan 0 of task data/raw/blocksworld/generated_domain.pddl - data/raw/blocksworld/generated_basic_longer_plan_len/instance-15.pddl.
2025-05-01 11:50:36,327 WARNING  [learning_to_plan.config:72] VAL output does not contain 'Plan valid' for plan 0 of task data/raw/blocksworld/generated_domain.pddl - data/raw/blocksworld/generated_basic_longer_plan_len/instance-188.pddl.
2025-05-01 11:50:36,334 WARNING  [learning_to_plan.config:72] VAL output does not contain 'Plan valid' for plan 0 of task data/raw/blocksworld/generated_domain.pddl - data/raw/blocksworld/generated_basic/instance-1572.pddl.
2025-05-01 11:50:36,341 WARNING  [learning_to_plan.config:72] VAL output does not contain 'Plan valid' for plan 0 of task data/raw/blocksworld/generated_domain.pddl - data/raw/blocksworld/generated_basic_longer_plan_len/instance-69.pddl.
2025-05-01 11:50:36,349 WARNING  [learning_to_plan.config:72] VAL output does not contain 'Plan valid' for plan 0 of task data/raw/blocksworld/generated_domain.pddl - data/raw/blocksworld/generated_basic/instance-2532.pddl.
2025-05-01 11:50:36,355 WARNING  [learning_to_plan.config:72] VAL output does not contain 'Plan valid' for plan 0 of task data/raw/blocksworld/generated_domain.pddl - data/raw/blocksworld/generated_basic/instance-2164.pddl.
2025-05-01 11:50:36,363 WARNING  [learning_to_plan.config:72] VAL output does not contain 'Plan valid' for plan 0 of task data/raw/blocksworld/generated_domain.pddl - data/raw/blocksworld/generated_basic/instance-2836.pddl.
2025-05-01 11:50:36,370 WARNING  [learning_to_plan.config:72] VAL output does not contain 'Plan valid' for plan 0 of task data/raw/blocksworld/generated_domain.pddl - data/raw/blocksworld/generated_basic/instance-1487.pddl.
2025-05-01 11:50:36,377 WARNING  [learning_to_plan.config:72] VAL output does not contain 'Plan valid' for plan 0 of task data/raw/blocksworld/generated_domain.pddl - data/raw/blocksworld/generated_basic_longer_plan_len/instance-57.pddl.
2025-05-01 11:50:36,384 WARNING  [learning_to_plan.config:72] VAL output does not contain 'Plan valid' for plan 0 of task data/raw/blocksworld/generated_domain.pddl - data/raw/blocksworld/generated_basic/instance-1073.pddl.
2025-05-01 11:50:36,393 WARNING  [learning_to_plan.config:72] VAL output does not contain 'Plan valid' for plan 0 of task data/raw/blocksworld/generated_domain.pddl - data/raw/blocksworld/generated_basic/instance-2665.pddl.
2025-05-01 11:50:36,401 WARNING  [learning_to_plan.config:72] VAL output does not contain 'Plan valid' for plan 0 of task data/raw/blocksworld/generated_domain.pddl - data/raw/blocksworld/generated_basic/instance-654.pddl.
2025-05-01 11:50:36,410 WARNING  [learning_to_plan.config:72] VAL output does not contain 'Plan valid' for plan 0 of task data/raw/blocksworld/generated_domain.pddl - data/raw/blocksworld/generated_basic/instance-3240.pddl.
2025-05-01 11:50:36,417 WARNING  [learning_to_plan.config:72] VAL output does not contain 'Plan valid' for plan 0 of task data/raw/blocksworld/generated_domain.pddl - data/raw/blocksworld/generated_basic_longer_plan_len/instance-33.pddl.
2025-05-01 11:50:36,425 WARNING  [learning_to_plan.config:72] VAL output does not contain 'Plan valid' for plan 0 of task data/raw/blocksworld/generated_domain.pddl - data/raw/blocksworld/generated_basic_longer_plan_len/instance-44.pddl.
2025-05-01 11:50:36,432 WARNING  [learning_to_plan.config:72] VAL output does not contain 'Plan valid' for plan 0 of task data/raw/blocksworld/generated_domain.pddl - data/raw/blocksworld/generated_basic/instance-1321.pddl.
2025-05-01 11:50:36,438 WARNING  [learning_to_plan.config:72] VAL output does not contain 'Plan valid' for plan 0 of task data/raw/blocksworld/generated_domain.pddl - data/raw/blocksworld/generated_basic_longer_plan_len/instance-76.pddl.
2025-05-01 11:50:36,445 WARNING  [learning_to_plan.config:72] VAL output does not contain 'Plan valid' for plan 0 of task data/raw/blocksworld/generated_domain.pddl - data/raw/blocksworld/generated_basic/instance-1029.pddl.
2025-05-01 11:50:36,452 WARNING  [learning_to_plan.config:72] VAL output does not contain 'Plan valid' for plan 0 of task data/raw/blocksworld/generated_domain.pddl - data/raw/blocksworld/generated_basic/instance-3692.pddl.
2025-05-01 11:50:36,459 WARNING  [learning_to_plan.config:72] VAL output does not contain 'Plan valid' for plan 0 of task data/raw/blocksworld/generated_domain.pddl - data/raw/blocksworld/generated_basic_longer_plan_len/instance-172.pddl.
2025-05-01 11:50:36,465 WARNING  [learning_to_plan.config:72] VAL output does not contain 'Plan valid' for plan 0 of task data/raw/blocksworld/generated_domain.pddl - data/raw/blocksworld/generated_basic/instance-3694.pddl.
2025-05-01 11:50:36,472 WARNING  [learning_to_plan.config:72] VAL output does not contain 'Plan valid' for plan 0 of task data/raw/blocksworld/generated_domain.pddl - data/raw/blocksworld/generated_basic_longer_plan_len/instance-41.pddl.
2025-05-01 11:50:36,479 WARNING  [learning_to_plan.config:72] VAL output does not contain 'Plan valid' for plan 0 of task data/raw/blocksworld/generated_domain.pddl - data/raw/blocksworld/generated_basic/instance-44.pddl.
2025-05-01 11:50:36,486 WARNING  [learning_to_plan.config:72] VAL output does not contain 'Plan valid' for plan 0 of task data/raw/blocksworld/generated_domain.pddl - data/raw/blocksworld/generated_basic_longer_plan_len/instance-162.pddl.
2025-05-01 11:50:36,493 WARNING  [learning_to_plan.config:72] VAL output does not contain 'Plan valid' for plan 0 of task data/raw/blocksworld/generated_domain.pddl - data/raw/blocksworld/generated_basic_longer_plan_len/instance-32.pddl.
2025-05-01 11:50:36,500 WARNING  [learning_to_plan.config:72] VAL output does not contain 'Plan valid' for plan 0 of task data/raw/blocksworld/generated_domain.pddl - data/raw/blocksworld/generated_basic/instance-2957.pddl.
2025-05-01 11:50:36,508 WARNING  [learning_to_plan.config:72] VAL output does not contain 'Plan valid' for plan 0 of task data/raw/blocksworld/generated_domain.pddl - data/raw/blocksworld/generated_basic_longer_plan_len/instance-78.pddl.
2025-05-01 11:50:36,515 WARNING  [learning_to_plan.config:72] VAL output does not contain 'Plan valid' for plan 0 of task data/raw/blocksworld/generated_domain.pddl - data/raw/blocksworld/generated_basic_longer_plan_len/instance-50.pddl.
2025-05-01 11:50:36,523 WARNING  [learning_to_plan.config:72] VAL output does not contain 'Plan valid' for plan 0 of task data/raw/blocksworld/generated_domain.pddl - data/raw/blocksworld/generated_basic_longer_plan_len/instance-98.pddl.
2025-05-01 11:50:36,530 WARNING  [learning_to_plan.config:72] VAL output does not contain 'Plan valid' for plan 0 of task data/raw/blocksworld/generated_domain.pddl - data/raw/blocksworld/generated_basic/instance-4096.pddl.
2025-05-01 11:50:36,537 WARNING  [learning_to_plan.config:72] VAL output does not contain 'Plan valid' for plan 0 of task data/raw/blocksworld/generated_domain.pddl - data/raw/blocksworld/generated_basic/instance-1598.pddl.
2025-05-01 11:50:36,544 WARNING  [learning_to_plan.config:72] VAL output does not contain 'Plan valid' for plan 0 of task data/raw/blocksworld/generated_domain.pddl - data/raw/blocksworld/generated_basic/instance-682.pddl.
2025-05-01 11:50:36,550 WARNING  [learning_to_plan.config:72] VAL output does not contain 'Plan valid' for plan 0 of task data/raw/blocksworld/generated_domain.pddl - data/raw/blocksworld/generated_basic/instance-203.pddl.
2025-05-01 11:50:36,559 WARNING  [learning_to_plan.config:72] VAL output does not contain 'Plan valid' for plan 0 of task data/raw/blocksworld/generated_domain.pddl - data/raw/blocksworld/generated_basic/instance-1662.pddl.
2025-05-01 11:50:36,566 WARNING  [learning_to_plan.config:72] VAL output does not contain 'Plan valid' for plan 0 of task data/raw/blocksworld/generated_domain.pddl - data/raw/blocksworld/generated_basic_longer_plan_len/instance-139.pddl.
2025-05-01 11:50:36,573 WARNING  [learning_to_plan.config:72] VAL output does not contain 'Plan valid' for plan 0 of task data/raw/blocksworld/generated_domain.pddl - data/raw/blocksworld/generated_basic/instance-3093.pddl.
2025-05-01 11:50:36,580 WARNING  [learning_to_plan.config:72] VAL output does not contain 'Plan valid' for plan 0 of task data/raw/blocksworld/generated_domain.pddl - data/raw/blocksworld/generated_basic_longer_plan_len/instance-197.pddl.
2025-05-01 11:50:36,588 WARNING  [learning_to_plan.config:72] VAL output does not contain 'Plan valid' for plan 0 of task data/raw/blocksworld/generated_domain.pddl - data/raw/blocksworld/generated_basic/instance-95.pddl.
2025-05-01 11:50:36,594 WARNING  [learning_to_plan.config:72] VAL output does not contain 'Plan valid' for plan 0 of task data/raw/blocksworld/generated_domain.pddl - data/raw/blocksworld/generated_basic/instance-1812.pddl.
2025-05-01 11:50:36,601 WARNING  [learning_to_plan.config:72] VAL output does not contain 'Plan valid' for plan 0 of task data/raw/blocksworld/generated_domain.pddl - data/raw/blocksworld/generated_basic_longer_plan_len/instance-58.pddl.
2025-05-01 11:50:36,608 WARNING  [learning_to_plan.config:72] VAL output does not contain 'Plan valid' for plan 0 of task data/raw/blocksworld/generated_domain.pddl - data/raw/blocksworld/generated_basic/instance-61.pddl.
2025-05-01 11:50:36,615 WARNING  [learning_to_plan.config:72] VAL output does not contain 'Plan valid' for plan 0 of task data/raw/blocksworld/generated_domain.pddl - data/raw/blocksworld/generated_basic_longer_plan_len/instance-24.pddl.
2025-05-01 11:50:36,621 WARNING  [learning_to_plan.config:72] VAL output does not contain 'Plan valid' for plan 0 of task data/raw/blocksworld/generated_domain.pddl - data/raw/blocksworld/generated_basic/instance-2661.pddl.
2025-05-01 11:50:36,629 WARNING  [learning_to_plan.config:72] VAL output does not contain 'Plan valid' for plan 0 of task data/raw/blocksworld/generated_domain.pddl - data/raw/blocksworld/generated_basic/instance-2576.pddl.
2025-05-01 11:50:36,636 WARNING  [learning_to_plan.config:72] VAL output does not contain 'Plan valid' for plan 0 of task data/raw/blocksworld/generated_domain.pddl - data/raw/blocksworld/generated_basic/instance-134.pddl.
2025-05-01 11:50:36,643 WARNING  [learning_to_plan.config:72] VAL output does not contain 'Plan valid' for plan 0 of task data/raw/blocksworld/generated_domain.pddl - data/raw/blocksworld/generated_basic_longer_plan_len/instance-96.pddl.
2025-05-01 11:50:36,649 WARNING  [learning_to_plan.config:72] VAL output does not contain 'Plan valid' for plan 0 of task data/raw/blocksworld/generated_domain.pddl - data/raw/blocksworld/generated_basic/instance-2751.pddl.
2025-05-01 11:50:36,655 WARNING  [learning_to_plan.config:72] VAL output does not contain 'Plan valid' for plan 0 of task data/raw/blocksworld/generated_domain.pddl - data/raw/blocksworld/generated_basic/instance-1813.pddl.
2025-05-01 11:50:36,662 WARNING  [learning_to_plan.config:72] VAL output does not contain 'Plan valid' for plan 0 of task data/raw/blocksworld/generated_domain.pddl - data/raw/blocksworld/generated_basic_longer_plan_len/instance-138.pddl.
2025-05-01 11:50:36,883 INFO     [learning_to_plan.config:72] Finished writing to data/data.jsonl.
2025-05-01 11:50:36,885 INFO     [learning_to_plan.config:72] --- Finished All Validation ---
2025-05-01 11:50:36,885 INFO     [learning_to_plan.config:72] --- Main script execution finished ---
